conversation_id_str,created_at,favorite_count,full_text,id_str,image_url,in_reply_to_screen_name,lang,location,quote_count,reply_count,retweet_count,tweet_url,user_id_str,username,full_text_bersih,text_clean,text_normal,text_stopword,text_stemmed,skor_sentimen,label_sentimen,label_otomatis,label_pakar,label_prediksi_nb,label_prediksi_svm
2044219030488400182,2026-04-15T00:59:31.000Z,4083,"Komplotan Begal Terhadap Petugas Pemadam Kebakaran Di Gambir Dibekuk Polisi, 7 Pelaku Diamankan ‼

Jajaran Polres Metro Jakarta Pusat menangkap komplotan begal yang beraksi di kawasan Gambir, Jakarta Pusat. Penangkapan dilakukan pada Senin (13/4/2026) di sebuah apartemen di https://t.co/nBDaGqdyiy",2044219030488400182,https://pbs.twimg.com/amplify_video_thumb/2044218583451103232/img/s_glWj_Hj9UFrYis.jpg,,in,,34,179,560,https://x.com/RadioElshinta/status/2044219030488400182,121640063,RadioElshinta,"Komplotan Begal Terhadap Petugas Pemadam Kebakaran Di Gambir Dibekuk Polisi, 7 Pelaku Diamankan ‼

Jajaran Polres Metro Jakarta Pusat menangkap komplotan begal yang beraksi di kawasan Gambir, Jakarta Pusat. Penangkapan dilakukan pada Senin (13/4/2026) di sebuah apartemen di https://t.co/nBDaGqdyiy",komplotan begal terhadap petugas pemadam kebakaran di gambir dibekuk polisi pelaku diamankan jajaran polres metro jakarta pusat menangkap komplotan begal yang beraksi di kawasan gambir jakarta pusat penangkapan dilakukan pada senin di sebuah apartemen di,komplotan begal terhadap petugas pemadam kebakaran di gambir dibekuk polisi pelaku diamankan jajaran polres metro jakarta pusat menangkap komplotan begal yang beraksi di kawasan gambir jakarta pusat penangkapan dilakukan pada senin di sebuah apartemen di,komplotan begal terhadap petugas pemadam kebakaran gambir dibekuk polisi pelaku diamankan jajaran polres metro jakarta pusat menangkap komplotan begal beraksi kawasan gambir jakarta pusat penangkapan dilakukan senin apartemen,komplotan begal hadap tugas madam bakaran gambir bekuk polis la aman jajaran polres tro jakarta pusat nangkap komplotan begal beraks kawasan gambir jakarta pusat nangkapan laku senin apartemen,1,positif,positif,positif,netral,netral
2042528421272784998,2026-04-12T02:36:05.000Z,0,@sydneyzw Dari pihak resto gak ada inisiatif ambil tabung pemadam kebakaran semprot ke mereka biar berhenti,2043156170765123895,,sydneyzw,in,,0,0,0,https://x.com/budi1471987/status/2043156170765123895,2032851453333876736,budi1471987,@sydneyzw Dari pihak resto gak ada inisiatif ambil tabung pemadam kebakaran semprot ke mereka biar berhenti,dari pihak resto gak ada inisiatif ambil tabung pemadam kebakaran semprot ke mereka biar berhenti,dari pihak resto tidak ada inisiatif ambil tabung pemadam kebakaran semprot ke mereka biar berhenti,pihak resto tidak ada inisiatif ambil tabung pemadam kebakaran semprot biar berhenti,pihak resto tidak ada inisiatif ambil tabung madam bakaran semprot biar berhent,0,netral,netral,netral,netral,netral
2044936233940566030,2026-04-17T22:02:29.000Z,0,"@Naz_lira Hadits Nabi SAW, 2 dari 3 Hakim (penegak hukum) tempatnya di neraka itu benar adanya. Lihat saja di Prindavan, banyak penegak hukum yg bs dibeli. Untung itu terjadi disana, bukan di Indonesia.",2045261641194074431,,Naz_lira,in,,0,0,0,https://x.com/Adv_Kampong/status/2045261641194074431,1228626166052880384,Adv_Kampong,"@Naz_lira Hadits Nabi SAW, 2 dari 3 Hakim (penegak hukum) tempatnya di neraka itu benar adanya. Lihat saja di Prindavan, banyak penegak hukum yg bs dibeli. Untung itu terjadi disana, bukan di Indonesia.",hadits nabi saw dari hakim penegak hukum tempatnya di neraka itu benar adanya lihat saja di prindavan banyak penegak hukum yg bs dibeli untung itu terjadi disana bukan di indonesia,hadits nabi saw dari hakim penegak hukum tempatnya di neraka itu benar adanya lihat saja di prindavan banyak penegak hukum yang bs dibeli untung itu terjadi disana bukan di indonesia,hadits nabi saw hakim penegak hukum tempatnya neraka benar adanya lihat saja prindavan banyak penegak hukum bs dibeli untung terjadi disana bukan indonesia,hadits nab saw hakim negak hukum tempat neraka benar ada lihat saja prindavan banyak negak hukum bs bel untung jad sana bu indonesia,1,positif,positif,positif,netral,netral
2043673377945330117,2026-04-14T12:45:30.000Z,7,@AbdulKholik2024 @patillele4364 @jokowi Memantik api dan menghembuskannya itu mudah... Yang sulit adalah memadamkannya setelah besar. JK adalah pemadam yang paling depan waktu terjadi konflik perpecahan. Lha waktu itu mereka di mana?,2044034308030247364,,AbdulKholik2024,in,,0,0,1,https://x.com/HimawanEko1/status/2044034308030247364,1493105092471386114,HimawanEko1,@AbdulKholik2024 @patillele4364 @jokowi Memantik api dan menghembuskannya itu mudah... Yang sulit adalah memadamkannya setelah besar. JK adalah pemadam yang paling depan waktu terjadi konflik perpecahan. Lha waktu itu mereka di mana?,memantik api dan menghembuskannya itu mudah yang sulit adalah memadamkannya setelah besar jk adalah pemadam yang paling depan waktu terjadi konflik perpecahan lha waktu itu mereka di mana,memantik api dan menghembuskannya itu mudah yang sulit adalah memadamkannya setelah besar jk adalah pemadam yang paling depan waktu terjadi konflik perpecahan lha waktu itu mereka di mana,memantik api menghembuskannya mudah sulit memadamkannya setelah besar jk pemadam paling depan waktu terjadi konflik perpecahan lha waktu mana,mantik ap nghembus mudah sulit madam sete besar jk madam paling depan waktu jad konflik rpecahan lha waktu mana,0,netral,netral,netral,netral,netral
2044391583953326318,2026-04-16T04:54:36.000Z,0,@worksfess pemadam kebakaran,2044640578043043842,,worksfess,in,,0,0,0,https://x.com/ManusiaNonBumi/status/2044640578043043842,998724607,ManusiaNonBumi,@worksfess pemadam kebakaran,pemadam kebakaran,pemadam kebakaran,pemadam kebakaran,madam bakaran,0,netral,netral,netral,netral,netral
2043009662111596878,2026-04-11T16:53:55.000Z,0,"Seorang petugas pemadam kebakaran (damkar) Pos Pinang, BPBD Kota Tangerang, mengalami luka di bagian kepala setelah menjadi korban penganiayaan oleh seorang warga saat sedang menjalankan tugas piket.https://t.co/YPwphUAkk5",2043009662111596878,,,in,,0,0,0,https://x.com/wartaxpress/status/2043009662111596878,1903300427501953024,wartaxpress,"Seorang petugas pemadam kebakaran (damkar) Pos Pinang, BPBD Kota Tangerang, mengalami luka di bagian kepala setelah menjadi korban penganiayaan oleh seorang warga saat sedang menjalankan tugas piket.https://t.co/YPwphUAkk5",seorang petugas pemadam kebakaran damkar pos pinang bpbd kota tangerang mengalami luka di bagian kepala setelah menjadi korban penganiayaan oleh seorang warga saat sedang menjalankan tugas piket,seorang petugas pemadam kebakaran damkar pos pinang bpbd kota tangerang mengalami luka di bagian kepala setelah menjadi korban penganiayaan oleh seorang warga saat sedang menjalankan tugas piket,seorang petugas pemadam kebakaran damkar pos pinang bpbd kota tangerang mengalami luka bagian kepala setelah menjadi korban penganiayaan oleh seorang warga saat sedang menjalankan tugas piket,seorang tugas madam bakaran damkar pos pinang bpbd kota tangerang ngalam luka bagian pala sete njad korban nganiayaan oleh seorang warga saat sedang njalan tugas piket,-1,negatif,negatif,negatif,netral,netral
2043008411500270010,2026-04-11T16:48:57.000Z,0,"KACAU HIU BANGKIT, BUKAN PEMADAM KEBAKARAN DOANG YG BANGKIT.",2043008411500270010,,,in,,0,0,0,https://x.com/eingning/status/2043008411500270010,1354539848,eingning,"KACAU HIU BANGKIT, BUKAN PEMADAM KEBAKARAN DOANG YG BANGKIT.",kacau hiu bangkit bukan pemadam kebakaran doang yg bangkit,kacau hiu bangkit bukan pemadam kebakaran doang yang bangkit,kacau hiu bangkit bukan pemadam kebakaran doang bangkit,kacau hiu bangkit bu madam bakaran doang bangkit,0,netral,netral,netral,netral,netral
2043013448880263532,2026-04-11T17:08:58.000Z,22,"Aksi petugas damkar berjuang memadamkan api yang semakin besar di Gunungsitoli. Ia terlihat tetap tenang di atas atap dengan perlengkapan seadanya dan fokus mengarahkan selang ke sumber api, mencegah kebakaran meluas. Situasi cukup berisiko, namun ia tetap menjalankan tugasnya. https://t.co/WlT3G8pPum",2043013448880263532,https://pbs.twimg.com/ext_tw_video_thumb/2043013406232576000/pu/img/NogbeliCJSvycmTl.jpg,,in,,3,7,8,https://x.com/kumifigo/status/2043013448880263532,1268543192405811206,kumifigo,"Aksi petugas damkar berjuang memadamkan api yang semakin besar di Gunungsitoli. Ia terlihat tetap tenang di atas atap dengan perlengkapan seadanya dan fokus mengarahkan selang ke sumber api, mencegah kebakaran meluas. Situasi cukup berisiko, namun ia tetap menjalankan tugasnya. https://t.co/WlT3G8pPum",aksi petugas damkar berjuang memadamkan api yang semakin besar di gunungsitoli ia terlihat tetap tenang di atas atap dengan perlengkapan seadanya dan fokus mengarahkan selang ke sumber api mencegah kebakaran meluas situasi cukup berisiko namun ia tetap menjalankan tugasnya,aksi petugas damkar berjuang memadamkan api yang semakin besar di gunungsitoli ia terlihat tetap tenang di atas atap dengan perlengkapan seadanya dan fokus mengarahkan selang ke sumber api mencegah kebakaran meluas situasi cukup berisiko namun ia tetap menjalankan tugasnya,aksi petugas damkar berjuang memadamkan api semakin besar gunungsitoli ia terlihat tetap tenang atas atap perlengkapan seadanya fokus mengarahkan selang sumber api mencegah kebakaran meluas situasi cukup berisiko namun ia tetap menjalankan tugasnya,aks tugas damkar berjuang madam ap semakin besar gunungsitol ia lihat tetap tenang atas atap rlengkapan seada fokus ngarah selang sumber ap ncegah bakaran luas situas cukup berisiko namun ia tetap njalan tugas,0,netral,netral,netral,netral,netral
2044247488421605646,2026-04-15T02:52:36.000Z,2,"Babinsa Koramil 1426-04/Galesong, Kodim 1426/Takalar Desa Kalukuang Serda Kamaruddin bersama Damkar dan warga bergerak cepat memadamkan api dan mengevakuasi barang-barang warganya yang mengalami musibah kebakaran rumah di Desa Kalukuang Kecamatan Galesong Kab. Takalar. https://t.co/Eg3ays8F9x",2044247488421605646,https://pbs.twimg.com/media/HF6gPZGasAAo8IX.jpg,,in,,0,0,0,https://x.com/takalar_kodim/status/2044247488421605646,1027033354464518144,takalar_kodim,"Babinsa Koramil 1426-04/Galesong, Kodim 1426/Takalar Desa Kalukuang Serda Kamaruddin bersama Damkar dan warga bergerak cepat memadamkan api dan mengevakuasi barang-barang warganya yang mengalami musibah kebakaran rumah di Desa Kalukuang Kecamatan Galesong Kab. Takalar. https://t.co/Eg3ays8F9x",babinsa koramil galesong kodim takalar desa kalukuang serda kamaruddin bersama damkar dan warga bergerak cepat memadamkan api dan mengevakuasi barang barang warganya yang mengalami musibah kebakaran rumah di desa kalukuang kecamatan galesong kab takalar,babinsa koramil galesong kodim takalar desa kalukuang serda kamaruddin bersama damkar dan warga bergerak cepat memadamkan api dan mengevakuasi barang barang warganya yang mengalami musibah kebakaran rumah di desa kalukuang kecamatan galesong kab takalar,babinsa koramil galesong kodim takalar desa kalukuang serda kamaruddin bersama damkar warga bergerak cepat memadamkan api mengevakuasi barang barang warganya mengalami musibah kebakaran rumah desa kalukuang kecamatan galesong kab takalar,babinsa koramil galesong kodim takalar desa kalukuang serda kamaruddin bersama damkar warga bergerak cepat madam ap ngevakuas barang barang warga ngalam musibah bakaran rumah desa kalukuang camatan galesong kab takalar,1,positif,positif,positif,netral,netral
2043207420382707839,2026-04-12T05:59:44.000Z,0,Petugas Pemadam Kebakaran Jaksel Damkar Jaksel berhasil mengevakuasi 10 ... https://t.co/kHwleGW1Zy via @YouTube,2043207420382707839,,,in,,0,0,0,https://x.com/lokatvnews/status/2043207420382707839,1921502098061135872,lokatvnews,Petugas Pemadam Kebakaran Jaksel Damkar Jaksel berhasil mengevakuasi 10 ... https://t.co/kHwleGW1Zy via @YouTube,petugas pemadam kebakaran jaksel damkar jaksel berhasil mengevakuasi via,petugas pemadam kebakaran jaksel damkar jaksel berhasil mengevakuasi via,petugas pemadam kebakaran jaksel damkar jaksel berhasil mengevakuasi via,tugas madam bakaran jaksel damkar jaksel berhasil ngevakuas via,0,netral,netral,netral,netral,netral
2043044413384122685,2026-04-12T08:12:26.000Z,0,"ㅤ

️️
Tangan mereka mampu untuk menggeser hal-hal yang tipis. Tidak sepenuhnya salah, namun bisa lebih dari cukup untuk menggiring bola api liar menjadi lebih besar daripada aslinya.

Dan justru disitulah letak bahayanya.
️
⠀
️",2043240815615779163,,terjelabak,in,,0,1,0,https://x.com/terjelabak/status/2043240815615779163,1715773722811056128,terjelabak,"ㅤ

️️
Tangan mereka mampu untuk menggeser hal-hal yang tipis. Tidak sepenuhnya salah, namun bisa lebih dari cukup untuk menggiring bola api liar menjadi lebih besar daripada aslinya.

Dan justru disitulah letak bahayanya.
️
⠀
️",tangan mereka mampu untuk menggeser hal hal yang tipis tidak sepenuhnya salah namun bisa lebih dari cukup untuk menggiring bola api liar menjadi lebih besar daripada aslinya dan justru disitulah letak bahayanya,tangan mereka mampu untuk menggeser hal hal yang tipis tidak sepenuhnya salah namun bisa lebih dari cukup untuk menggiring bola api liar menjadi lebih besar daripada aslinya dan justru disitulah letak bahayanya,tangan mampu menggeser hal hal tipis tidak sepenuhnya salah namun bisa lebih cukup menggiring bola api liar menjadi lebih besar daripada aslinya justru disitulah letak bahayanya,tangan mampu nggeser hal hal tipis tidak sepenuh sa namun bisa lebih cukup nggiring bola ap liar njad lebih besar daripada asl justru situ letak bahaya,-1,negatif,negatif,negatif,netral,netral
2042795332954919138,2026-04-11T02:42:15.000Z,0,"Telah terjadi kebakaran rumah pada Sabtu, 11 April 2026 sekitar pukul 08.10 WIB di kawasan PoJ City, Kota Semarang. Kejadian ini pertama kali dilaporkan oleh Ibu Yovita. Menindaklanjuti laporan tersebut, petugas segera mengerahkan sejumlah armada pemadam kebakaran #kebakaran https://t.co/KJj2Dyq2jB",2042795332954919138,https://pbs.twimg.com/amplify_video_thumb/2042795255439986688/img/VK93J1yDZ6dQnMV3.jpg,,in,,0,0,0,https://x.com/elshinta_smg/status/2042795332954919138,775589717127507968,elshinta_smg,"Telah terjadi kebakaran rumah pada Sabtu, 11 April 2026 sekitar pukul 08.10 WIB di kawasan PoJ City, Kota Semarang. Kejadian ini pertama kali dilaporkan oleh Ibu Yovita. Menindaklanjuti laporan tersebut, petugas segera mengerahkan sejumlah armada pemadam kebakaran #kebakaran https://t.co/KJj2Dyq2jB",telah terjadi kebakaran rumah pada sabtu april sekitar pukul wib di kawasan poj city kota semarang kejadian ini pertama kali dilaporkan oleh ibu yovita menindaklanjuti laporan tersebut petugas segera mengerahkan sejumlah armada pemadam kebakaran kebakaran,telah terjadi kebakaran rumah pada sabtu april sekitar pukul wib di kawasan poj city kota semarang kejadian ini pertama kali dilaporkan oleh ibu yovita menindaklanjuti laporan tersebut petugas segera mengerahkan sejumlah armada pemadam kebakaran kebakaran,telah terjadi kebakaran rumah sabtu april sekitar pukul wib kawasan poj city kota semarang kejadian pertama kali dilaporkan oleh ibu yovita menindaklanjuti laporan tersebut petugas segera mengerahkan sejumlah armada pemadam kebakaran kebakaran,te jad bakaran rumah sabtu april sekitar pukul wib kawasan poj city kota semarang jadian rtama kal lapor oleh ibu yovita nindaklanjut laporan sebut tugas segera ngerah sejum armada madam bakaran bakaran,0,netral,netral,netral,netral,netral
2032271143982538970,2026-03-13T01:42:53.000Z,3,"#SSInfo: Pelayanan yang berkaitan langsung dengan keselamatan dan kebutuhan dasar masyarakat tidak boleh terhenti. 

Eri Cahyadi Wali Kota Surabaya memastikan sejumlah dinas tetap siaga selama 24 jam dengan sistem rotasi, di antaranya Dinas Kesehatan, Dinas Pemadam Kebakaran dan",2032271143982538970,,,in,,0,1,0,https://x.com/e100ss/status/2032271143982538970,848614550,e100ss,"#SSInfo: Pelayanan yang berkaitan langsung dengan keselamatan dan kebutuhan dasar masyarakat tidak boleh terhenti. 

Eri Cahyadi Wali Kota Surabaya memastikan sejumlah dinas tetap siaga selama 24 jam dengan sistem rotasi, di antaranya Dinas Kesehatan, Dinas Pemadam Kebakaran dan",ssinfo pelayanan yang berkaitan langsung dengan keselamatan dan kebutuhan dasar masyarakat tidak boleh terhenti eri cahyadi wali kota surabaya memastikan sejumlah dinas tetap siaga selama jam dengan sistem rotasi di antaranya dinas kesehatan dinas pemadam kebakaran dan,ssinfo pelayanan yang berkaitan langsung dengan keselamatan dan kebutuhan dasar masyarakat tidak boleh terhenti eri cahyadi wali kota surabaya memastikan sejumlah dinas tetap siaga selama jam dengan sistem rotasi di antaranya dinas kesehatan dinas pemadam kebakaran dan,ssinfo pelayanan berkaitan langsung keselamatan kebutuhan dasar masyarakat tidak boleh terhenti eri cahyadi wali kota surabaya memastikan sejumlah dinas tetap siaga selama jam sistem rotasi antaranya dinas kesehatan dinas pemadam kebakaran,ssinfo layanan berkaitan langsung selamatan butuhan dasar masyarakat tidak boleh hent er cahyad wal kota surabaya masti sejum nas tetap siaga selama jam sistem rotas antara nas sehatan nas madam bakaran,1,positif,positif,positif,netral,netral
2043607763729940826,2026-04-13T08:35:41.000Z,0,"P25 (Project 25)
P25 dikembangkan khusus untuk komunikasi darurat seperti polisi, pemadam kebakaran, dan ambulans. Standar ini menawarkan interoperabilitas antar instansi yang berbeda sehingga semua layanan darurat bisa berkomunikasi lancar dalam satu jaringan.",2043609055349051473,,tzay07,in,,0,1,0,https://x.com/tzay07/status/2043609055349051473,239238360,tzay07,"P25 (Project 25)
P25 dikembangkan khusus untuk komunikasi darurat seperti polisi, pemadam kebakaran, dan ambulans. Standar ini menawarkan interoperabilitas antar instansi yang berbeda sehingga semua layanan darurat bisa berkomunikasi lancar dalam satu jaringan.",p project p dikembangkan khusus untuk komunikasi darurat seperti polisi pemadam kebakaran dan ambulans standar ini menawarkan interoperabilitas antar instansi yang berbeda sehingga semua layanan darurat bisa berkomunikasi lancar dalam satu jaringan,p project p dikembangkan khusus untuk komunikasi darurat seperti polisi pemadam kebakaran dan ambulans standar ini menawarkan interoperabilitas antar instansi yang berbeda sehingga semua layanan darurat bisa berkomunikasi lancar dalam satu jaringan,p project p dikembangkan khusus komunikasi darurat seperti polisi pemadam kebakaran ambulans standar menawarkan interoperabilitas antar instansi berbeda sehingga semua layanan darurat bisa berkomunikasi lancar satu jaringan,p project p kembang khusus komunikas darurat sepert polis madam bakaran ambulans standar nawar interoperabilitas antar instans berbeda sehingga semua layanan darurat bisa berkomunikas lancar satu jaringan,0,netral,netral,netral,netral,netral
2042566628488184282,2026-04-12T14:41:44.000Z,0,@indepenSumatera Segitu banyaknya orang gak ada yg kritis dengan keadaan dan tangkas...di mana pemadam kebakaran,2043338786839646387,,indepenSumatera,in,,0,0,0,https://x.com/arythoms27/status/2043338786839646387,1398334479693803522,arythoms27,@indepenSumatera Segitu banyaknya orang gak ada yg kritis dengan keadaan dan tangkas...di mana pemadam kebakaran,segitu banyaknya orang gak ada yg kritis dengan keadaan dan tangkas di mana pemadam kebakaran,segitu banyaknya orang tidak ada yang kritis dengan keadaan dan tangkas di mana pemadam kebakaran,segitu banyaknya orang tidak ada kritis keadaan tangkas mana pemadam kebakaran,segitu banyak orang tidak ada kritis adaan tangkas mana madam bakaran,0,netral,netral,netral,netral,netral
2040580004938223761,2026-04-04T23:59:19.000Z,364,"Diduga Tak Dapat Izin Manajer Gunakan APAR, Motor Warga Hangus di SPBU Sriwijaya (4/4/2026)
📍Semarang

Pernah mengikuti pelatihan penggunaan APAR, dan saya sangat ingat pesan dari petugas pemadam kebakaran,
di mana pun dan kapan pun kita melihat atau mengalami kebakaran, segera https://t.co/6XRQUIL7WV",2040580004938223761,https://pbs.twimg.com/ext_tw_video_thumb/2040579955256651776/pu/img/Wmxlln45qO0sNBYp.jpg,,in,,9,92,126,https://x.com/Heraloebss/status/2040580004938223761,1251824880967774208,Heraloebss,"Diduga Tak Dapat Izin Manajer Gunakan APAR, Motor Warga Hangus di SPBU Sriwijaya (4/4/2026)
📍Semarang

Pernah mengikuti pelatihan penggunaan APAR, dan saya sangat ingat pesan dari petugas pemadam kebakaran,
di mana pun dan kapan pun kita melihat atau mengalami kebakaran, segera https://t.co/6XRQUIL7WV",diduga tak dapat izin manajer gunakan apar motor warga hangus di spbu sriwijaya semarang pernah mengikuti pelatihan penggunaan apar dan saya sangat ingat pesan dari petugas pemadam kebakaran di mana pun dan kapan pun kita melihat atau mengalami kebakaran segera,diduga tak dapat izin manajer gunakan apar motor warga hangus di spbu sriwijaya semarang pernah mengikuti pelatihan penggunaan apar dan saya sangat ingat pesan dari petugas pemadam kebakaran di mana pun dan kapan pun kita melihat atau mengalami kebakaran segera,diduga tak dapat izin manajer gunakan apar motor warga hangus spbu sriwijaya semarang pernah mengikuti pelatihan penggunaan apar sangat ingat pesan petugas pemadam kebakaran mana pun kapan pun melihat mengalami kebakaran segera,duga tak dapat izin manajer guna apar motor warga hangus spbu sriwijaya semarang rnah ngikut latihan nggunaan apar sangat ingat san tugas madam bakaran mana pun kapan pun lihat ngalam bakaran segera,0,netral,netral,netral,netral,netral
2045258896353468869,2026-04-17T21:51:34.000Z,0,"Allah Subhanahu wa Ta'ala berfirman:

بِسْمِ اللّٰهِ الرَّحْمٰنِ الرَّحِيْمِ

""Dengan nama Allah Yang Maha Pengasih lagi Maha Penyayang.""

QS. Al-Fatihah[1]",2045258896353468869,,,ca,,0,0,0,https://x.com/DimasPrase1988/status/2045258896353468869,1665379835588521984,DimasPrase1988,"Allah Subhanahu wa Ta'ala berfirman:

بِسْمِ اللّٰهِ الرَّحْمٰنِ الرَّحِيْمِ

""Dengan nama Allah Yang Maha Pengasih lagi Maha Penyayang.""

QS. Al-Fatihah[1]",allah subhanahu wa ta ala berfirman dengan nama allah yang maha pengasih lagi maha penyayang qs al fatihah,allah subhanahu wa ta ala berfirman dengan nama allah yang maha pengasih lagi maha penyayang qs al fatihah,allah subhanahu wa ta ala berfirman nama allah maha pengasih lagi maha penyayang qs al fatihah,al subhanahu wa ta ala berfirman nama al maha ngasih lag maha nyayang qs al fatihah,0,netral,netral,netral,netral,netral
2044992920563204234,2026-04-17T08:15:54.000Z,0,"@nononnochi Iyaaa berdasarkan tokoh nyata, yg peran pemadam kebakaran juga samaa, no wonder kan dia banyak digaet buat project sama pemerintah, soalnya dia selalu ambil peran yg inspiring 🥹
Emang anjing itu si babi ini sedih banget liat karir Peien sekarang stuck gara² mereka 😭",2045053625131762042,,nononnochi,in,,0,1,0,https://x.com/delemonades/status/2045053625131762042,831130306111381504,delemonades,"@nononnochi Iyaaa berdasarkan tokoh nyata, yg peran pemadam kebakaran juga samaa, no wonder kan dia banyak digaet buat project sama pemerintah, soalnya dia selalu ambil peran yg inspiring 🥹
Emang anjing itu si babi ini sedih banget liat karir Peien sekarang stuck gara² mereka 😭",iyaaa berdasarkan tokoh nyata yg peran pemadam kebakaran juga samaa no wonder kan dia banyak digaet buat project sama pemerintah soalnya dia selalu ambil peran yg inspiring emang anjing itu si babi ini sedih banget liat karir peien sekarang stuck gara mereka,iyaaa berdasarkan tokoh nyata yang peran pemadam kebakaran juga samaa no wonder kan dia banyak digaet buat project sama pemerintah soalnya dia selalu ambil peran yang inspiring emang anjing itu si babi ini sedih banget liat karir peien sekarang stuck gara mereka,iyaaa berdasarkan tokoh nyata peran pemadam kebakaran samaa no wonder kan banyak digaet buat project sama pemerintah soalnya selalu ambil peran inspiring emang anjing si babi sedih banget liat karir peien sekarang stuck gara,iyaaa berdasar tokoh nyata ran madam bakaran samaa no wonder  banyak gaet buat project sama merintah soal selalu ambil ran inspiring emang anjing s bab sedih banget liat karir ien sekarang stuck gara,0,netral,netral,netral,netral,netral
2043636541176885439,2026-04-13T15:37:14.000Z,0,@gus_pur11 @PaltiHutabarat Memantik api dan menghembuskannya itu mudah... Yang sulit adalah memadamkannya setelah besar. JK adalah pemadam yang paling depan. Waktu itu mereka dimana?,2043715142320554138,,gus_pur11,in,,0,0,0,https://x.com/HimawanEko1/status/2043715142320554138,1493105092471386114,HimawanEko1,@gus_pur11 @PaltiHutabarat Memantik api dan menghembuskannya itu mudah... Yang sulit adalah memadamkannya setelah besar. JK adalah pemadam yang paling depan. Waktu itu mereka dimana?,memantik api dan menghembuskannya itu mudah yang sulit adalah memadamkannya setelah besar jk adalah pemadam yang paling depan waktu itu mereka dimana,memantik api dan menghembuskannya itu mudah yang sulit adalah memadamkannya setelah besar jk adalah pemadam yang paling depan waktu itu mereka dimana,memantik api menghembuskannya mudah sulit memadamkannya setelah besar jk pemadam paling depan waktu dimana,mantik ap nghembus mudah sulit madam sete besar jk madam paling depan waktu mana,0,netral,netral,netral,netral,netral
2042788231696257511,2026-04-11T02:26:05.000Z,0,"@Yoxxinori Aku juga nyimpen nomor darurat seperti rumah sakit, pemadam kebakaran, dan polisi di HP. Biar kalau ada apa-apa, nggak panik nyari nomor dulu. Aku juga berusaha kenal tetangga sekitar rumah, jadi udah tahu harus ke mana atau minta bantuan ke siapa kalau terjadi sesuatu.",2042791263657955434,,Kanlemoto,in,,0,1,0,https://x.com/Kanlemoto/status/2042791263657955434,1040221722950086656,Kanlemoto,"@Yoxxinori Aku juga nyimpen nomor darurat seperti rumah sakit, pemadam kebakaran, dan polisi di HP. Biar kalau ada apa-apa, nggak panik nyari nomor dulu. Aku juga berusaha kenal tetangga sekitar rumah, jadi udah tahu harus ke mana atau minta bantuan ke siapa kalau terjadi sesuatu.",aku juga nyimpen nomor darurat seperti rumah sakit pemadam kebakaran dan polisi di hp biar kalau ada apa apa nggak panik nyari nomor dulu aku juga berusaha kenal tetangga sekitar rumah jadi udah tahu harus ke mana atau minta bantuan ke siapa kalau terjadi sesuatu,saya juga nyimpen nomor darurat seperti rumah sakit pemadam kebakaran dan polisi di hp biar kalau ada apa apa nggak panik nyari nomor dulu saya juga berusaha kenal tetangga sekitar rumah jadi udah tahu harus ke mana atau minta bantuan ke siapa kalau terjadi sesuatu,nyimpen nomor darurat seperti rumah sakit pemadam kebakaran polisi hp biar kalau ada apa apa nggak panik nyari nomor dulu berusaha kenal tetangga sekitar rumah jadi udah tahu harus mana minta bantuan siapa kalau terjadi sesuatu,nyimpen nomor darurat sepert rumah sakit madam bakaran polis hp biar kalau ada apa apa nggak panik nyar nomor dulu berusaha nal tetangga sekitar rumah jad udah tahu harus mana minta bantuan siapa kalau jad sesuatu,-1,negatif,negatif,negatif,netral,netral
2043852579030085725,2026-04-14T00:43:22.000Z,0,"ini hari selasa tapi kenapa semua orang jalan pagi, termasuk anak sekolah dan pemadam kebakaran????? jumat masih 3 hari lagi????",2043852579030085725,,,in,,0,0,0,https://x.com/nidnoot/status/2043852579030085725,1026010442466918400,nidnoot,"ini hari selasa tapi kenapa semua orang jalan pagi, termasuk anak sekolah dan pemadam kebakaran????? jumat masih 3 hari lagi????",ini hari selasa tapi kenapa semua orang jalan pagi termasuk anak sekolah dan pemadam kebakaran jumat masih hari lagi,ini hari selasa tapi kenapa semua orang jalan pagi termasuk anak sekolah dan pemadam kebakaran jumat masih hari lagi,hari selasa tapi kenapa semua orang jalan pagi termasuk anak sekolah pemadam kebakaran jumat masih hari lagi,har selasa tap napa semua orang jalan pag masuk anak seko madam bakaran jumat masih har lag,0,netral,netral,netral,netral,netral
2044728802539090197,2026-04-16T10:45:10.000Z,0,Pemadam kebakaran :3,2044728802539090197,,,in,,0,0,0,https://x.com/hiujeruk/status/2044728802539090197,1862509624056061953,hiujeruk,Pemadam kebakaran :3,pemadam kebakaran,pemadam kebakaran,pemadam kebakaran,madam bakaran,0,netral,netral,netral,netral,netral
2044269172256059554,2026-04-15T22:19:59.000Z,0,@Sohykn @jkimstella @Sungihoon Mbak mending hapus sebelum aku panggil pemadam kebakaran. 😭😭😭,2044541271226913210,,Sohykn,in,,0,0,0,https://x.com/Wonyorng/status/2044541271226913210,709995168,Wonyorng,@Sohykn @jkimstella @Sungihoon Mbak mending hapus sebelum aku panggil pemadam kebakaran. 😭😭😭,mbak mending hapus sebelum aku panggil pemadam kebakaran,mbak mending hapus sebelum saya panggil pemadam kebakaran,mbak mending hapus sebelum panggil pemadam kebakaran,mbak nding hapus sebelum panggil madam bakaran,0,netral,netral,netral,netral,netral
2033218184170688994,2026-03-15T16:26:05.000Z,807,"Kebakaran di Mampang Prapatan Malam Ini

Telah terjadi kebakaran yang menghanguskan rumah warga di Jalan Kuningan Barat IV, kawasan Mampang Prapatan, Jakarta Selatan, pada Minggu malam (15/3). Saat ini petugas pemadam kebakaran masih berada di lokasi dan tengah berupaya https://t.co/n71KJlXINo",2033218184170688994,https://pbs.twimg.com/ext_tw_video_thumb/2033218165363396608/pu/img/tzCjn6zH562Pvn0l.jpg,,in,,25,27,156,https://x.com/txtdrjkt/status/2033218184170688994,1252667805947723776,txtdrjkt,"Kebakaran di Mampang Prapatan Malam Ini

Telah terjadi kebakaran yang menghanguskan rumah warga di Jalan Kuningan Barat IV, kawasan Mampang Prapatan, Jakarta Selatan, pada Minggu malam (15/3). Saat ini petugas pemadam kebakaran masih berada di lokasi dan tengah berupaya https://t.co/n71KJlXINo",kebakaran di mampang prapatan malam ini telah terjadi kebakaran yang menghanguskan rumah warga di jalan kuningan barat iv kawasan mampang prapatan jakarta selatan pada minggu malam saat ini petugas pemadam kebakaran masih berada di lokasi dan tengah berupaya,kebakaran di mampang prapatan malam ini telah terjadi kebakaran yang menghanguskan rumah warga di jalan kuningan barat iv kawasan mampang prapatan jakarta selatan pada minggu malam saat ini petugas pemadam kebakaran masih berada di lokasi dan tengah berupaya,kebakaran mampang prapatan malam telah terjadi kebakaran menghanguskan rumah warga jalan kuningan barat iv kawasan mampang prapatan jakarta selatan minggu malam saat petugas pemadam kebakaran masih berada lokasi tengah berupaya,bakaran mampang prapatan malam te jad bakaran nghangus rumah warga jalan kuningan barat iv kawasan mampang prapatan jakarta selatan minggu malam saat tugas madam bakaran masih berada lokas tengah berupaya,0,netral,netral,netral,netral,netral
2032705165938274410,2026-03-14T06:27:32.000Z,6,"Satu Tujuan Semua Selamat di Pelintasan

#Railfriends, bagi petugas pemadam kebakaran, setiap detik adalah pertaruhan nyawa. Mereka terbiasa berlari saat orang lain menjauh dari bahaya. Namun ada satu tempat di mana mereka memilih berhenti sejenak yaitu pelintasan sebidang kereta https://t.co/6xeRqQlCsN",2032705165938274410,https://pbs.twimg.com/amplify_video_thumb/2032704978746486791/img/wvyUIPt37P7LOHBg.jpg,,in,,0,0,1,https://x.com/keretaapikita/status/2032705165938274410,378403540,keretaapikita,"Satu Tujuan Semua Selamat di Pelintasan

#Railfriends, bagi petugas pemadam kebakaran, setiap detik adalah pertaruhan nyawa. Mereka terbiasa berlari saat orang lain menjauh dari bahaya. Namun ada satu tempat di mana mereka memilih berhenti sejenak yaitu pelintasan sebidang kereta https://t.co/6xeRqQlCsN",satu tujuan semua selamat di pelintasan railfriends bagi petugas pemadam kebakaran setiap detik adalah pertaruhan nyawa mereka terbiasa berlari saat orang lain menjauh dari bahaya namun ada satu tempat di mana mereka memilih berhenti sejenak yaitu pelintasan sebidang kereta,satu tujuan semua selamat di pelintasan railfriends bagi petugas pemadam kebakaran setiap detik adalah pertaruhan nyawa mereka terbiasa berlari saat orang lain menjauh dari bahaya namun ada satu tempat di mana mereka memilih berhenti sejenak yaitu pelintasan sebidang kereta,satu tujuan semua selamat pelintasan railfriends bagi petugas pemadam kebakaran setiap detik pertaruhan nyawa terbiasa berlari saat orang lain menjauh bahaya namun ada satu tempat mana memilih berhenti sejenak yaitu pelintasan sebidang kereta,satu tujuan semua selamat lintasan railfriends bag tugas madam bakaran setiap detik rtaruhan nyawa biasa berlar saat orang lain njauh bahaya namun ada satu tempat mana milih berhent sejenak yaitu lintasan sebidang reta,0,netral,netral,netral,netral,netral
2042628607407984663,2026-04-10T16:02:06.000Z,0,"@junyoungbby Temen gue pernah kekunci di kamar mandi, berakhir manggil pemadam kebakaran buat bukain 😭",2042634232603017653,,junyoungbby,in,,0,1,0,https://x.com/NewbieOneIt/status/2042634232603017653,1347681279316148225,NewbieOneIt,"@junyoungbby Temen gue pernah kekunci di kamar mandi, berakhir manggil pemadam kebakaran buat bukain 😭",temen gue pernah kekunci di kamar mandi berakhir manggil pemadam kebakaran buat bukain,temen saya pernah kekunci di kamar mandi berakhir manggil pemadam kebakaran buat bukain,temen pernah kekunci kamar mandi berakhir manggil pemadam kebakaran buat bukain,temen rnah kunc kamar mand berakhir manggil madam bakaran buat bukain,0,netral,netral,netral,netral,netral
2044026441424335085,2026-04-14T12:14:14.000Z,0,"Anggota Satgas DAMKAR BS menindaklanjuti laporan warga Batu Kuning untuk membersihkan Jl. Iskandar Baksir yang licin akibat tumpahan minyak pada hari Selasa, 14 April 2026 pukul 17.35 WIB. 

#damkar #pemadamkebakaran #bengkuluselatan #membara

https://t.co/aiySUhHs5d",2044026441424335085,,,in,,0,0,0,https://x.com/damkarbs/status/2044026441424335085,1390080853569458177,damkarbs,"Anggota Satgas DAMKAR BS menindaklanjuti laporan warga Batu Kuning untuk membersihkan Jl. Iskandar Baksir yang licin akibat tumpahan minyak pada hari Selasa, 14 April 2026 pukul 17.35 WIB. 

#damkar #pemadamkebakaran #bengkuluselatan #membara

https://t.co/aiySUhHs5d",anggota satgas damkar bs menindaklanjuti laporan warga batu kuning untuk membersihkan jl iskandar baksir yang licin akibat tumpahan minyak pada hari selasa april pukul wib damkar pemadamkebakaran bengkuluselatan membara,anggota satgas damkar bs menindaklanjuti laporan warga batu kuning untuk membersihkan jl iskandar baksir yang licin akibat tumpahan minyak pada hari selasa april pukul wib damkar pemadamkebakaran bengkuluselatan membara,anggota satgas damkar bs menindaklanjuti laporan warga batu kuning membersihkan jl iskandar baksir licin akibat tumpahan minyak hari selasa april pukul wib damkar pemadamkebakaran bengkuluselatan membara,anggota satgas damkar bs nindaklanjut laporan warga batu kuning mbersih jl iskandar baksir licin akibat tumpahan minyak har selasa april pukul wib damkar madamkebakaran bengkuluselatan mbara,0,netral,netral,netral,netral,netral
2044680101011623984,2026-04-16T07:31:39.000Z,0,"Lebih dari 5 penyidik Komisi Pemberantasan Korupsi (KPK) melakukan penggeledahan di Pendopo Tulungagung pada Kamis 16 April 2026 hari ini. Penggeledahan diduga berkaitan dengan kasus korupsi Gatut Sunu Wibowo Bupati Tulungagung.

Lugu Tri Handoko, Kepala Dinas Pemadam Kebakaran &amp; https://t.co/DBxY9npLa8",2044680101011623984,https://pbs.twimg.com/amplify_video_thumb/2044679700136755200/img/thzhN6LO4l8ADkz-.jpg,,in,,0,1,0,https://x.com/radiopatria/status/2044680101011623984,100132119,radiopatria,"Lebih dari 5 penyidik Komisi Pemberantasan Korupsi (KPK) melakukan penggeledahan di Pendopo Tulungagung pada Kamis 16 April 2026 hari ini. Penggeledahan diduga berkaitan dengan kasus korupsi Gatut Sunu Wibowo Bupati Tulungagung.

Lugu Tri Handoko, Kepala Dinas Pemadam Kebakaran &amp; https://t.co/DBxY9npLa8",lebih dari penyidik komisi pemberantasan korupsi kpk melakukan penggeledahan di pendopo tulungagung pada kamis april hari ini penggeledahan diduga berkaitan dengan kasus korupsi gatut sunu wibowo bupati tulungagung lugu tri handoko kepala dinas pemadam kebakaran amp,lebih dari penyidik komisi pemberantasan korupsi kpk melakukan penggeledahan di pendopo tulungagung pada kamis april hari ini penggeledahan diduga berkaitan dengan kasus korupsi gatut sunu wibowo bupati tulungagung lugu tri handoko kepala dinas pemadam kebakaran amp,lebih penyidik komisi pemberantasan korupsi kpk melakukan penggeledahan pendopo tulungagung kamis april hari penggeledahan diduga berkaitan kasus korupsi gatut sunu wibowo bupati tulungagung lugu tri handoko kepala dinas pemadam kebakaran amp,lebih nyidik komis mberantasan korups kpk laku nggeledahan ndopo tulungagung kamis april har nggeledahan duga berkaitan kasus korups gatut sunu wibowo bupat tulungagung lugu tr handoko pala nas madam bakaran amp,0,netral,netral,netral,netral,netral
2044639146317414422,2026-04-17T01:02:37.000Z,0,@empty__core Ambulans🚑 pemadam kebakaran 🚔polisi MBG bodoamat,2044944585697468430,,empty__core,in,,0,0,0,https://x.com/widala89/status/2044944585697468430,1772735644885786625,widala89,@empty__core Ambulans🚑 pemadam kebakaran 🚔polisi MBG bodoamat,ambulans pemadam kebakaran polisi mbg bodoamat,ambulans pemadam kebakaran polisi mbg bodoamat,ambulans pemadam kebakaran polisi mbg bodoamat,ambulans madam bakaran polis mbg bodoamat,0,netral,netral,netral,netral,netral
2043351816289857848,2026-04-12T15:33:31.000Z,0,"Ternyata ad banyak jalan menghadiri konser gratis dgn kursi terbaik! Td aku liat ada petugas 119 ap pemadam kebakaran jg, terus krew konser dr yg konfettian sampe yg dipinggir venue! Aellah lahir tuh di ibukota apa kota besar negara maju dre bukan di pelosok! 😂",2043351816289857848,,,in,,0,0,0,https://x.com/dyan0909/status/2043351816289857848,167679866,dyan0909,"Ternyata ad banyak jalan menghadiri konser gratis dgn kursi terbaik! Td aku liat ada petugas 119 ap pemadam kebakaran jg, terus krew konser dr yg konfettian sampe yg dipinggir venue! Aellah lahir tuh di ibukota apa kota besar negara maju dre bukan di pelosok! 😂",ternyata ad banyak jalan menghadiri konser gratis dgn kursi terbaik td aku liat ada petugas ap pemadam kebakaran jg terus krew konser dr yg konfettian sampe yg dipinggir venue aellah lahir tuh di ibukota apa kota besar negara maju dre bukan di pelosok,ternyata ad banyak jalan menghadiri konser gratis dengan kursi terbaik td saya liat ada petugas ap pemadam kebakaran juga terus krew konser dr yang konfettian sampai yang dipinggir venue aellah lahir tuh di ibukota apa kota besar negara maju dre bukan di pelosok,ternyata ad banyak jalan menghadiri konser gratis kursi terbaik td liat ada petugas ap pemadam kebakaran terus krew konser dr konfettian sampai dipinggir venue aellah lahir tuh ibukota apa kota besar negara maju dre bukan pelosok,nyata ad banyak jalan nghadir konser gratis kurs baik td liat ada tugas ap madam bakaran us krew konser dr konfettian sampa pinggir venue ael lahir tuh ibukota apa kota besar negara maju dre bu losok,1,positif,positif,positif,netral,netral
2044639146317414422,2026-04-16T20:41:03.000Z,0,"@empty__core Ambulance, pemadam kebakaran, yang lain tunggu jalanan sepi dulu",2044878762412810550,,empty__core,in,,0,0,0,https://x.com/DROMEO69261/status/2044878762412810550,1795017884877631488,DROMEO69261,"@empty__core Ambulance, pemadam kebakaran, yang lain tunggu jalanan sepi dulu",ambulance pemadam kebakaran yang lain tunggu jalanan sepi dulu,ambulance pemadam kebakaran yang lain tunggu jalanan sepi dulu,ambulance pemadam kebakaran lain tunggu jalanan sepi dulu,ambulance madam bakaran lain tunggu jalanan sep dulu,0,netral,netral,netral,netral,netral
2035571788697207006,2026-03-22T04:18:28.000Z,95,"Militer Israel menyampaikan sebuah rudal Iran telah menghantam Kota Dimona. Lokasi tersebut merupakan tempat fasilitas nuklir berada.

Petugas pemadam kebakaran Israel melaporkan serangan langsung di sebuah kota di Israel selatan itu menyebabkan kerusakan parah pada beberapa https://t.co/4o5pZSMp9B",2035571788697207006,https://pbs.twimg.com/amplify_video_thumb/2035571674444394497/img/_dPS_36a8-kg59TZ.jpg,,in,,2,7,28,https://x.com/inilahdotcom/status/2035571788697207006,46693036,inilahdotcom,"Militer Israel menyampaikan sebuah rudal Iran telah menghantam Kota Dimona. Lokasi tersebut merupakan tempat fasilitas nuklir berada.

Petugas pemadam kebakaran Israel melaporkan serangan langsung di sebuah kota di Israel selatan itu menyebabkan kerusakan parah pada beberapa https://t.co/4o5pZSMp9B",militer israel menyampaikan sebuah rudal iran telah menghantam kota dimona lokasi tersebut merupakan tempat fasilitas nuklir berada petugas pemadam kebakaran israel melaporkan serangan langsung di sebuah kota di israel selatan itu menyebabkan kerusakan parah pada beberapa,militer israel menyampaikan sebuah rudal iran telah menghantam kota dimona lokasi tersebut merupakan tempat fasilitas nuklir berada petugas pemadam kebakaran israel melaporkan serangan langsung di sebuah kota di israel selatan itu menyebabkan kerusakan parah pada beberapa,militer israel menyampaikan rudal iran telah menghantam kota dimona lokasi tersebut merupakan tempat fasilitas nuklir berada petugas pemadam kebakaran israel melaporkan serangan langsung kota israel selatan menyebabkan kerusakan parah beberapa,militer israel nyampai rudal iran te nghantam kota mona lokas sebut rupa tempat fasilitas nuklir berada tugas madam bakaran israel lapor serangan langsung kota israel selatan nyebab rusa parah beberapa,-1,negatif,negatif,negatif,netral,netral
2045262386052128774,2026-04-17T22:05:26.000Z,0,"akkk kmaren nerjang banjir, padahal pas berangkat kering kering aja pas sampe di titik banjirnya juga ga ujan aku cobain terjang ehh taunya dalemm woee, motor aku mogok udah di bongkar dll sampe 3 jam ga nyala nyala aku sendiri dan aku kapok ☺️🙏🏻",2045262386052128774,,,in,,0,0,0,https://x.com/muladarinoLL/status/2045262386052128774,1896804710881034240,muladarinoLL,"akkk kmaren nerjang banjir, padahal pas berangkat kering kering aja pas sampe di titik banjirnya juga ga ujan aku cobain terjang ehh taunya dalemm woee, motor aku mogok udah di bongkar dll sampe 3 jam ga nyala nyala aku sendiri dan aku kapok ☺️🙏🏻",akkk kmaren nerjang banjir padahal pas berangkat kering kering aja pas sampe di titik banjirnya juga ga ujan aku cobain terjang ehh taunya dalemm woee motor aku mogok udah di bongkar dll sampe jam ga nyala nyala aku sendiri dan aku kapok,akkk kmaren nerjang banjir padahal pas berangkat kering kering aja pas sampai di titik banjirnya juga tidak ujan saya cobain terjang ehh taunya dalemm woee motor saya mogok udah di bongkar dll sampai jam tidak nyala nyala saya sendiri dan saya kapok,akkk kmaren nerjang banjir padahal pas berangkat kering kering aja pas sampai titik banjirnya tidak ujan cobain terjang ehh taunya dalemm woee motor mogok udah bongkar dll sampai jam tidak nyala nyala sendiri kapok,akkk kmaren nerjang banjir padahal pas berangkat ring ring aja pas sampa titik banjir tidak ujan cobain jang ehh tau dalemm woee motor mogok udah bongkar dll sampa jam tidak nyala nyala sendir kapok,0,netral,netral,netral,netral,netral
2039304267962650685,2026-04-01T11:30:00.000Z,0,"Kebakaran besar melanda depo kendaraan pribadi di kawasan San Antonio, Acapulco, Meksiko, pada Selasa.

Api dengan cepat menyebar dan menghanguskan sekitar 700 kendaraan, diperparah oleh angin kencang dan kondisi vegetasi yang kering.

Petugas pemadam kebakaran dikerahkan untuk https://t.co/qTdP5vaCL9",2039304267962650685,https://pbs.twimg.com/amplify_video_thumb/2039226552194670592/img/32oyolEpxZEzim5e.jpg,,in,,0,1,0,https://x.com/SINDOnews/status/2039304267962650685,231355136,SINDOnews,"Kebakaran besar melanda depo kendaraan pribadi di kawasan San Antonio, Acapulco, Meksiko, pada Selasa.

Api dengan cepat menyebar dan menghanguskan sekitar 700 kendaraan, diperparah oleh angin kencang dan kondisi vegetasi yang kering.

Petugas pemadam kebakaran dikerahkan untuk https://t.co/qTdP5vaCL9",kebakaran besar melanda depo kendaraan pribadi di kawasan san antonio acapulco meksiko pada selasa api dengan cepat menyebar dan menghanguskan sekitar kendaraan diperparah oleh angin kencang dan kondisi vegetasi yang kering petugas pemadam kebakaran dikerahkan untuk,kebakaran besar melanda depo kendaraan pribadi di kawasan san antonio acapulco meksiko pada selasa api dengan cepat menyebar dan menghanguskan sekitar kendaraan diperparah oleh angin kencang dan kondisi vegetasi yang kering petugas pemadam kebakaran dikerahkan untuk,kebakaran besar melanda depo kendaraan pribadi kawasan san antonio acapulco meksiko selasa api cepat menyebar menghanguskan sekitar kendaraan diperparah oleh angin kencang kondisi vegetasi kering petugas pemadam kebakaran dikerahkan,bakaran besar landa depo ndaraan pribad kawasan san antonio acapulco ksiko selasa ap cepat nyebar nghangus sekitar ndaraan perparah oleh angin ncang kondis vegetas ring tugas madam bakaran kerah,1,positif,positif,positif,netral,netral
2044645538419839274,2026-04-16T05:14:18.000Z,1,"Kebakaran besar melanda kilang minyak vital milik Viva Energy di Geelong, Australia, pada Rabu malam (15/4).

Api disertai beberapa ledakan dilaporkan muncul dari area produksi bensin, sehingga puluhan petugas pemadam langsung dikerahkan untuk menjinakkan kobaran api yang sempat https://t.co/woZgCBmtcB",2044645538419839274,https://pbs.twimg.com/ext_tw_video_thumb/2044645370610008064/pu/img/8NIM_YNwfmLTuUnr.jpg,,in,,0,1,0,https://x.com/antaranews/status/2044645538419839274,18071520,antaranews,"Kebakaran besar melanda kilang minyak vital milik Viva Energy di Geelong, Australia, pada Rabu malam (15/4).

Api disertai beberapa ledakan dilaporkan muncul dari area produksi bensin, sehingga puluhan petugas pemadam langsung dikerahkan untuk menjinakkan kobaran api yang sempat https://t.co/woZgCBmtcB",kebakaran besar melanda kilang minyak vital milik viva energy di geelong australia pada rabu malam api disertai beberapa ledakan dilaporkan muncul dari area produksi bensin sehingga puluhan petugas pemadam langsung dikerahkan untuk menjinakkan kobaran api yang sempat,kebakaran besar melanda kilang minyak vital milik viva energy di geelong australia pada rabu malam api disertai beberapa ledakan dilaporkan muncul dari area produksi bensin sehingga puluhan petugas pemadam langsung dikerahkan untuk menjinakkan kobaran api yang sempat,kebakaran besar melanda kilang minyak vital milik viva energy geelong australia rabu malam api disertai beberapa ledakan dilaporkan muncul area produksi bensin sehingga puluhan petugas pemadam langsung dikerahkan menjinakkan kobaran api sempat,bakaran besar landa kilang minyak vital milik viva energy geelong australia rabu malam ap serta beberapa leda lapor muncul area produks bensin sehingga puluhan tugas madam langsung kerah njinak kobaran ap sempat,0,netral,netral,netral,netral,netral
2042243534062014931,2026-04-10T11:31:36.000Z,0,@HabisNontonFilm Pandji ngasih ide buat mereka nih agak laen. Scene film selanjutnya nanti kehidupan pemadam kebakaran. Kita tahu kan berjasanya pemadam kebakaran di Indonesia ini terlalu random. 😁,2042566159917350921,,HabisNontonFilm,in,,0,1,0,https://x.com/KloppGerman/status/2042566159917350921,1055406276023209984,KloppGerman,@HabisNontonFilm Pandji ngasih ide buat mereka nih agak laen. Scene film selanjutnya nanti kehidupan pemadam kebakaran. Kita tahu kan berjasanya pemadam kebakaran di Indonesia ini terlalu random. 😁,pandji ngasih ide buat mereka nih agak laen scene film selanjutnya nanti kehidupan pemadam kebakaran kita tahu kan berjasanya pemadam kebakaran di indonesia ini terlalu random,pandji ngasih ide buat mereka nih agak laen scene film selanjutnya nanti kehidupan pemadam kebakaran kita tahu kan berjasanya pemadam kebakaran di indonesia ini terlalu random,pandji ngasih ide buat nih agak laen scene film selanjutnya nanti kehidupan pemadam kebakaran tahu kan berjasanya pemadam kebakaran indonesia terlalu random,pandj ngasih ide buat nih agak laen scene film selanjut nant hidupan madam bakaran tahu  berjasa madam bakaran indonesia lalu random,1,positif,positif,positif,netral,netral
2044639146317414422,2026-04-17T01:52:59.000Z,0,"@lerabbani_ @empty__core Elo yg goblok permanen . Jawaban gua nyindir tau nggak .Jawaban yg betul ya pemadam kebakaran krn bisa mengancam byk nyawa.Mobil ambulance cuma satu nyawa. Mandi kembang 7 rupa sana. Itu foto aslinya nyindir MBG . Elo punya otak gini amat . Pantes negara sulit maju,",2044957264281493670,,lerabbani_,in,,0,0,0,https://x.com/afif_sanja5092/status/2044957264281493670,2007643116090892288,afif_sanja5092,"@lerabbani_ @empty__core Elo yg goblok permanen . Jawaban gua nyindir tau nggak .Jawaban yg betul ya pemadam kebakaran krn bisa mengancam byk nyawa.Mobil ambulance cuma satu nyawa. Mandi kembang 7 rupa sana. Itu foto aslinya nyindir MBG . Elo punya otak gini amat . Pantes negara sulit maju,",elo yg goblok permanen jawaban gua nyindir tau nggak jawaban yg betul ya pemadam kebakaran krn bisa mengancam byk nyawa mobil ambulance cuma satu nyawa mandi kembang rupa sana itu foto aslinya nyindir mbg elo punya otak gini amat pantes negara sulit maju,elo yang goblok permanen jawaban gua nyindir tau nggak jawaban yang betul ya pemadam kebakaran krn bisa mengancam byk nyawa mobil ambulance cuma satu nyawa mandi kembang rupa sana itu foto aslinya nyindir mbg elo punya otak gini amat pantes negara sulit maju,elo goblok permanen jawaban gua nyindir tau nggak jawaban betul ya pemadam kebakaran krn bisa mengancam byk nyawa mobil ambulance cuma satu nyawa mandi kembang rupa sana foto aslinya nyindir mbg elo punya otak gini amat pantes negara sulit maju,elo goblok rmanen jawaban gua nyindir tau nggak jawaban betul ya madam bakaran krn bisa ngancam byk nyawa mobil ambulance cuma satu nyawa mand mbang rupa sana foto asl nyindir mbg elo pu otak gin amat pantes negara sulit maju,-2,negatif,negatif,negatif,netral,netral
2043988791522931153,2026-04-14T09:44:38.000Z,4,"Kodim 0830/Surabaya dan Damkar Gelar Simulasi Pemadaman Kebakaran
 
https://t.co/uUfrpIv5kE https://t.co/mRJU6hQxXy",2043988791522931153,https://pbs.twimg.com/media/HF209aPaAAA9QUv.jpg,,in,,0,0,0,https://x.com/Dim0830/status/2043988791522931153,3306622926,Dim0830,"Kodim 0830/Surabaya dan Damkar Gelar Simulasi Pemadaman Kebakaran
 
https://t.co/uUfrpIv5kE https://t.co/mRJU6hQxXy",kodim surabaya dan damkar gelar simulasi pemadaman kebakaran,kodim surabaya dan damkar gelar simulasi pemadaman kebakaran,kodim surabaya damkar gelar simulasi pemadaman kebakaran,kodim surabaya damkar gelar simulas madaman bakaran,0,netral,netral,netral,netral,netral
2036032284156108828,2026-03-23T10:48:18.000Z,7,"🚨#BREAKING
Setidaknya 70 orang terluka akibat tabrakan yang melibatkan pesawat dan truk pemadam kebakaran di Bandara LaGuardia di New York. 
Pejabat di lokasi telah mengkonfirmasi bahwa dua orang telah dinyatakan meninggal di tempat kejadian. https://t.co/JJObVk91Y6",2036032284156108828,https://pbs.twimg.com/amplify_video_thumb/2035988304580272129/img/HhceWXkobH5AshNw.jpg,,in,,0,0,0,https://x.com/dxrkchocolx/status/2036032284156108828,1208278977040642050,dxrkchocolx,"🚨#BREAKING
Setidaknya 70 orang terluka akibat tabrakan yang melibatkan pesawat dan truk pemadam kebakaran di Bandara LaGuardia di New York. 
Pejabat di lokasi telah mengkonfirmasi bahwa dua orang telah dinyatakan meninggal di tempat kejadian. https://t.co/JJObVk91Y6",breaking setidaknya orang terluka akibat tabrakan yang melibatkan pesawat dan truk pemadam kebakaran di bandara laguardia di new york pejabat di lokasi telah mengkonfirmasi bahwa dua orang telah dinyatakan meninggal di tempat kejadian,breaking setidaknya orang terluka akibat tabrakan yang melibatkan pesawat dan truk pemadam kebakaran di bandara laguardia di new york pejabat di lokasi telah mengkonfirmasi bahwa dua orang telah dinyatakan meninggal di tempat kejadian,breaking setidaknya orang terluka akibat tabrakan melibatkan pesawat truk pemadam kebakaran bandara laguardia new york pejabat lokasi telah mengkonfirmasi bahwa dua orang telah dinyatakan meninggal tempat kejadian,breaking setidak orang luka akibat tabra libat sawat truk madam bakaran bandara laguardia new york jabat lokas te ngkonfirmas bahwa dua orang te nyata ninggal tempat jadian,0,netral,netral,netral,netral,netral
2045025971364131083,2026-04-17T09:27:49.000Z,0,@assertndayy Pemadam kebakaran,2045071724614750339,,assertndayy,in,,0,0,0,https://x.com/urluciddream_/status/2045071724614750339,262252987,urluciddream_,@assertndayy Pemadam kebakaran,pemadam kebakaran,pemadam kebakaran,pemadam kebakaran,madam bakaran,0,netral,netral,netral,netral,netral
2042813476243148811,2026-04-11T03:54:21.000Z,0,"Pada Sabtu (11/4), sebuah gudang pabrik plastik di Jalan Peuris, Kecamatan Margaasih, Kabupaten Bandung, dilaporkan mengalami kebakaran. Peristiwa tersebut terjadi sekitar pukul 04.00 WIB, dan petugas pemadam kebakaran langsung melakukan penanganan serta pemadaman di lokasi. https://t.co/EKIbf5L28p",2042813476243148811,https://pbs.twimg.com/ext_tw_video_thumb/2042813395959975943/pu/img/4xMlhjP9jsaHFDnh.jpg,,in,,0,0,0,https://x.com/spiritsid_/status/2042813476243148811,2008437998288072705,spiritsid_,"Pada Sabtu (11/4), sebuah gudang pabrik plastik di Jalan Peuris, Kecamatan Margaasih, Kabupaten Bandung, dilaporkan mengalami kebakaran. Peristiwa tersebut terjadi sekitar pukul 04.00 WIB, dan petugas pemadam kebakaran langsung melakukan penanganan serta pemadaman di lokasi. https://t.co/EKIbf5L28p",pada sabtu sebuah gudang pabrik plastik di jalan peuris kecamatan margaasih kabupaten bandung dilaporkan mengalami kebakaran peristiwa tersebut terjadi sekitar pukul wib dan petugas pemadam kebakaran langsung melakukan penanganan serta pemadaman di lokasi,pada sabtu sebuah gudang pabrik plastik di jalan peuris kecamatan margaasih kabupaten bandung dilaporkan mengalami kebakaran peristiwa tersebut terjadi sekitar pukul wib dan petugas pemadam kebakaran langsung melakukan penanganan serta pemadaman di lokasi,sabtu gudang pabrik plastik jalan peuris kecamatan margaasih kabupaten bandung dilaporkan mengalami kebakaran peristiwa tersebut terjadi sekitar pukul wib petugas pemadam kebakaran langsung melakukan penanganan serta pemadaman lokasi,sabtu gudang pabrik plastik jalan uris camatan margaasih kabupaten bandung lapor ngalam bakaran ristiwa sebut jad sekitar pukul wib tugas madam bakaran langsung laku nanganan serta madaman lokas,0,netral,netral,netral,netral,netral
2042564585564299403,2026-04-10T11:25:20.000Z,1,"🔥 Kegiatan Monitoring &amp; Inspeksi Proteksi Kebakaran 🔥

Dinas Pemadam Kebakaran dan Penyelamatan (Damkarmat) Kabupaten Banyuwangi melalui Bidang Pencegahan melaksanakan kegiatan monitoring dan inspeksi alat proteksi kebakaran https://t.co/WfVBi7tisk",2042564585564299403,https://pbs.twimg.com/ext_tw_video_thumb/2042564531940098048/pu/img/szxWOOwDknpUnsar.jpg,,in,,0,0,0,https://x.com/BwiDamkar/status/2042564585564299403,1620611682069544970,BwiDamkar,"🔥 Kegiatan Monitoring &amp; Inspeksi Proteksi Kebakaran 🔥

Dinas Pemadam Kebakaran dan Penyelamatan (Damkarmat) Kabupaten Banyuwangi melalui Bidang Pencegahan melaksanakan kegiatan monitoring dan inspeksi alat proteksi kebakaran https://t.co/WfVBi7tisk",kegiatan monitoring amp inspeksi proteksi kebakaran dinas pemadam kebakaran dan penyelamatan damkarmat kabupaten banyuwangi melalui bidang pencegahan melaksanakan kegiatan monitoring dan inspeksi alat proteksi kebakaran,kegiatan monitoring amp inspeksi proteksi kebakaran dinas pemadam kebakaran dan penyelamatan damkarmat kabupaten banyuwangi melalui bidang pencegahan melaksanakan kegiatan monitoring dan inspeksi alat proteksi kebakaran,kegiatan monitoring amp inspeksi proteksi kebakaran dinas pemadam kebakaran penyelamatan damkarmat kabupaten banyuwangi melalui bidang pencegahan melaksanakan kegiatan monitoring inspeksi alat proteksi kebakaran,giatan monitoring amp inspeks proteks bakaran nas madam bakaran nyelamatan damkarmat kabupaten banyuwang lalu bidang ncegahan laksana giatan monitoring inspeks alat proteks bakaran,0,netral,netral,netral,netral,netral
2043203385571353081,2026-04-12T05:43:42.000Z,1,"Dinas Pemadam Kebakaran dan Penyelamatan (Damkarmat) Kabupaten Banyuwangi bertindak cepat merespons laporan darurat terkait keberadaan ular berbisa yang telah mengakibatkan korban. Insiden terjadi di Jalan wilayah Kelurahan Pengantigan, Kecamatan Banyuwangi, Kabupaten Banyuwangi https://t.co/nX41ceGMxC",2043203385571353081,https://pbs.twimg.com/ext_tw_video_thumb/2043203324246417408/pu/img/iA17VtDP88i2C6mW.jpg,,in,,0,0,0,https://x.com/BwiDamkar/status/2043203385571353081,1620611682069544970,BwiDamkar,"Dinas Pemadam Kebakaran dan Penyelamatan (Damkarmat) Kabupaten Banyuwangi bertindak cepat merespons laporan darurat terkait keberadaan ular berbisa yang telah mengakibatkan korban. Insiden terjadi di Jalan wilayah Kelurahan Pengantigan, Kecamatan Banyuwangi, Kabupaten Banyuwangi https://t.co/nX41ceGMxC",dinas pemadam kebakaran dan penyelamatan damkarmat kabupaten banyuwangi bertindak cepat merespons laporan darurat terkait keberadaan ular berbisa yang telah mengakibatkan korban insiden terjadi di jalan wilayah kelurahan pengantigan kecamatan banyuwangi kabupaten banyuwangi,dinas pemadam kebakaran dan penyelamatan damkarmat kabupaten banyuwangi bertindak cepat merespons laporan darurat terkait keberadaan ular berbisa yang telah mengakibatkan korban insiden terjadi di jalan wilayah kelurahan pengantigan kecamatan banyuwangi kabupaten banyuwangi,dinas pemadam kebakaran penyelamatan damkarmat kabupaten banyuwangi bertindak cepat merespons laporan darurat terkait keberadaan ular berbisa telah mengakibatkan korban insiden terjadi jalan wilayah kelurahan pengantigan kecamatan banyuwangi kabupaten banyuwangi,nas madam bakaran nyelamatan damkarmat kabupaten banyuwang bertindak cepat respons laporan darurat kait beradaan ular berbisa te ngakibat korban insiden jad jalan wilayah lurahan ngantigan camatan banyuwang kabupaten banyuwang,0,netral,netral,netral,netral,netral
2043859783925801204,2026-04-14T06:17:08.000Z,0,@txtdrimedia Mending dititip ke kantor pemadam kebakaran ih 😠,2043936573167940026,,txtdrimedia,in,,0,0,0,https://x.com/ainiadhyna/status/2043936573167940026,85531679,ainiadhyna,@txtdrimedia Mending dititip ke kantor pemadam kebakaran ih 😠,mending dititip ke kantor pemadam kebakaran ih,mending dititip ke kantor pemadam kebakaran ih,mending dititip kantor pemadam kebakaran ih,nding titip kantor madam bakaran ih,0,netral,netral,netral,netral,netral
2044985864586248552,2026-04-17T03:47:31.000Z,0,Pada pukul 02.52 WIB operasi pemadaman memasuki tahap pendinginan untuk mengurai material yang mudah terbakar agar tidak menyisakan api maupun asap.,2044986087391858743,,humasjakfire,in,,0,1,0,https://x.com/humasjakfire/status/2044986087391858743,555862521,humasjakfire,Pada pukul 02.52 WIB operasi pemadaman memasuki tahap pendinginan untuk mengurai material yang mudah terbakar agar tidak menyisakan api maupun asap.,pada pukul wib operasi pemadaman memasuki tahap pendinginan untuk mengurai material yang mudah terbakar agar tidak menyisakan api maupun asap,pada pukul wib operasi pemadaman memasuki tahap pendinginan untuk mengurai material yang mudah terbakar agar tidak menyisakan api maupun asap,pukul wib operasi pemadaman memasuki tahap pendinginan mengurai material mudah terbakar agar tidak menyisakan api maupun asap,pukul wib operas madaman masuk tahap ndinginan ngura material mudah bakar agar tidak nyisa ap maupun asap,1,positif,positif,positif,netral,positif
2037813506809163945,2026-03-28T08:46:15.000Z,114,Akan menyaingi pemadam kebakaran https://t.co/T1ETiBkjfF,2037813506809163945,https://pbs.twimg.com/media/HEfElSabYAA7pWU.jpg,,in,,0,20,15,https://x.com/myshawti/status/2037813506809163945,1156869918370873344,myshawti,Akan menyaingi pemadam kebakaran https://t.co/T1ETiBkjfF,akan menyaingi pemadam kebakaran,akan menyaingi pemadam kebakaran,akan menyaingi pemadam kebakaran,a nyaing madam bakaran,0,netral,netral,netral,netral,netral
2045141703867392269,2026-04-17T14:05:53.000Z,1,"Polisi bergerak cepat! Tim gabungan berhasil mengamankan 5 orang tersangka yang terlibat dalam aksi pembegalan petugas Pemadam Kebakaran di kawasan Pluit beberapa waktu lalu.
​Masing-masing pelaku ternyata punya peran berbeda: https://t.co/XDtDg0SLrk",2045141703867392269,https://pbs.twimg.com/ext_tw_video_thumb/2045141610368040960/pu/img/wjdLOHOr4fZwc1LF.jpg,,in,,0,0,0,https://x.com/MENUJU_2029/status/2045141703867392269,1370390874203459591,MENUJU_2029,"Polisi bergerak cepat! Tim gabungan berhasil mengamankan 5 orang tersangka yang terlibat dalam aksi pembegalan petugas Pemadam Kebakaran di kawasan Pluit beberapa waktu lalu.
​Masing-masing pelaku ternyata punya peran berbeda: https://t.co/XDtDg0SLrk",polisi bergerak cepat tim gabungan berhasil mengamankan orang tersangka yang terlibat dalam aksi pembegalan petugas pemadam kebakaran di kawasan pluit beberapa waktu lalu masing masing pelaku ternyata punya peran berbeda,polisi bergerak cepat tim gabungan berhasil mengamankan orang tersangka yang terlibat dalam aksi pembegalan petugas pemadam kebakaran di kawasan pluit beberapa waktu lalu masing masing pelaku ternyata punya peran berbeda,polisi bergerak cepat tim gabungan berhasil mengamankan orang tersangka terlibat aksi pembegalan petugas pemadam kebakaran kawasan pluit beberapa waktu lalu masing masing pelaku ternyata punya peran berbeda,polis bergerak cepat tim gabungan berhasil ngaman orang sangka libat aks mbegalan tugas madam bakaran kawasan pluit beberapa waktu lalu masing masing la nyata pu ran berbeda,2,positif,positif,positif,netral,netral
2039210341549363511,2026-04-01T05:16:46.000Z,1,"Duka datang dari barisan petugas pemadam kebakaran hutan dan lahan (karhutla). Muharmizan, anggota Manggala Agni Daops Sumatera VI/Siak, meninggal dunia usai menjalankan tugas pemadaman di Pulau Bengkalis, Senin (30/3/2026).

#infoRIAU #karhutlaRIAU https://t.co/fRqhCJqjhx",2039210341549363511,https://pbs.twimg.com/media/HEy6_hUa8AAIe9f.jpg,,in,,0,1,3,https://x.com/infoRIAU/status/2039210341549363511,172425532,infoRIAU,"Duka datang dari barisan petugas pemadam kebakaran hutan dan lahan (karhutla). Muharmizan, anggota Manggala Agni Daops Sumatera VI/Siak, meninggal dunia usai menjalankan tugas pemadaman di Pulau Bengkalis, Senin (30/3/2026).

#infoRIAU #karhutlaRIAU https://t.co/fRqhCJqjhx",duka datang dari barisan petugas pemadam kebakaran hutan dan lahan karhutla muharmizan anggota manggala agni daops sumatera vi siak meninggal dunia usai menjalankan tugas pemadaman di pulau bengkalis senin inforiau karhutlariau,duka datang dari barisan petugas pemadam kebakaran hutan dan lahan karhutla muharmizan anggota manggala agni daops sumatera vi siak meninggal dunia usai menjalankan tugas pemadaman di pulau bengkalis senin inforiau karhutlariau,duka datang barisan petugas pemadam kebakaran hutan lahan karhutla muharmizan anggota manggala agni daops sumatera vi siak meninggal dunia usai menjalankan tugas pemadaman pulau bengkalis senin inforiau karhutlariau,duka datang barisan tugas madam bakaran hutan lahan karhutla muharmizan anggota manggala agn daops sumatera v siak ninggal dunia usa njalan tugas madaman pulau bengkalis senin inforiau karhutlariau,0,netral,netral,netral,netral,netral
2043315037905797274,2026-04-12T13:07:22.000Z,0,"Terjadi percikan api yang diduga berasal dari kabel listrik di wilayah Asem Siketek, Kalilembu, Kecamatan Karangdadap, pada Sabtu (dini hari) sekitar pukul 00.30 WIB.

Percikan api terlihat oleh pengendara yang melintas dan berlangsung selama beberapa menit sebelum akhirnya padam https://t.co/8QiGriuz5L",2043315037905797274,https://pbs.twimg.com/ext_tw_video_thumb/2043314984747237376/pu/img/lapDYQ5ET6nwuc5N.jpg,,in,,0,0,0,https://x.com/pekalongan_info/status/2043315037905797274,802181984675995648,pekalongan_info,"Terjadi percikan api yang diduga berasal dari kabel listrik di wilayah Asem Siketek, Kalilembu, Kecamatan Karangdadap, pada Sabtu (dini hari) sekitar pukul 00.30 WIB.

Percikan api terlihat oleh pengendara yang melintas dan berlangsung selama beberapa menit sebelum akhirnya padam https://t.co/8QiGriuz5L",terjadi percikan api yang diduga berasal dari kabel listrik di wilayah asem siketek kalilembu kecamatan karangdadap pada sabtu dini hari sekitar pukul wib percikan api terlihat oleh pengendara yang melintas dan berlangsung selama beberapa menit sebelum akhirnya padam,terjadi percikan api yang diduga berasal dari kabel listrik di wilayah asem siketek kalilembu kecamatan karangdadap pada sabtu dini hari sekitar pukul wib percikan api terlihat oleh pengendara yang melintas dan berlangsung selama beberapa menit sebelum akhirnya padam,terjadi percikan api diduga berasal kabel listrik wilayah asem siketek kalilembu kecamatan karangdadap sabtu dini hari sekitar pukul wib percikan api terlihat oleh pengendara melintas berlangsung selama beberapa menit sebelum akhirnya padam,jad rci ap duga berasal kabel listrik wilayah asem siketek kalilembu camatan karangdadap sabtu n har sekitar pukul wib rci ap lihat oleh ngendara lintas berlangsung selama beberapa nit sebelum akhir padam,0,netral,netral,netral,netral,netral
2044219030488400182,2026-04-15T14:20:42.000Z,3,"@FLJack_ @RadioElshinta Setuju bang, gue pernah ditolong pemadam dan mereka ga minta sepeserpun, bener profesional eh malah dibegal.. ini pemadam kebakaran lho maksudnya apa coba pake dibegal segala, klo pemadam mogok masuk malam klo lg ada kebakaran trus gmn? Emang org2 ini ga pny otak kalee ya",2044420656775962762,,FLJack_,in,,0,0,0,https://x.com/Mecix11/status/2044420656775962762,2043346577344143360,Mecix11,"@FLJack_ @RadioElshinta Setuju bang, gue pernah ditolong pemadam dan mereka ga minta sepeserpun, bener profesional eh malah dibegal.. ini pemadam kebakaran lho maksudnya apa coba pake dibegal segala, klo pemadam mogok masuk malam klo lg ada kebakaran trus gmn? Emang org2 ini ga pny otak kalee ya",setuju bang gue pernah ditolong pemadam dan mereka ga minta sepeserpun bener profesional eh malah dibegal ini pemadam kebakaran lho maksudnya apa coba pake dibegal segala klo pemadam mogok masuk malam klo lg ada kebakaran trus gmn emang org ini ga pny otak kalee ya,setuju bang saya pernah ditolong pemadam dan mereka tidak minta sepeserpun bener profesional eh malah dibegal ini pemadam kebakaran lho maksudnya apa coba pake dibegal segala klo pemadam mogok masuk malam klo lg ada kebakaran trus gmn emang org ini tidak pny otak kalee ya,setuju bang pernah ditolong pemadam tidak minta sepeserpun bener profesional eh malah dibegal pemadam kebakaran lho maksudnya apa coba pake dibegal segala klo pemadam mogok masuk malam klo lg ada kebakaran trus gmn emang org tidak pny otak kalee ya,setuju bang rnah tolong madam tidak minta sepeserpun bener profesional eh ma begal madam bakaran lho maksud apa coba pake begal segala klo madam mogok masuk malam klo lg ada bakaran trus gmn emang org tidak pny otak kalee ya,1,positif,positif,positif,netral,netral
2044599635533275257,2026-04-16T04:42:51.000Z,1,"@abid0588 gak usah berandai2, sudah ada urutan prioritas dalam UU 22/2009:
Pemadam kebakaran;
ambulans orang sakit;
Pertolongan pada kecelakaan lalu lintas;
dst",2044637621025120496,,abid0588,in,,0,0,0,https://x.com/nungguangkot/status/2044637621025120496,1199121216675573760,nungguangkot,"@abid0588 gak usah berandai2, sudah ada urutan prioritas dalam UU 22/2009:
Pemadam kebakaran;
ambulans orang sakit;
Pertolongan pada kecelakaan lalu lintas;
dst",gak usah berandai sudah ada urutan prioritas dalam uu pemadam kebakaran ambulans orang sakit pertolongan pada kecelakaan lalu lintas dst,tidak usah berandai sudah ada urutan prioritas dalam uu pemadam kebakaran ambulans orang sakit pertolongan pada kecelakaan lalu lintas dst,tidak usah berandai ada urutan prioritas uu pemadam kebakaran ambulans orang sakit pertolongan kecelakaan lalu lintas dst,tidak usah beranda ada urutan prioritas uu madam bakaran ambulans orang sakit rtolongan celakaan lalu lintas dst,0,netral,netral,netral,netral,netral
2044068213491638435,2026-04-15T15:16:38.000Z,0,@cecilliaaw @tegalfess Yg di dkt pemadam kebakaran setujuu bgtt mana murah dan banyaaak porsinya,2044434733657202749,,cecilliaaw,in,,0,0,0,https://x.com/imoptimuszay/status/2044434733657202749,1880066836773105664,imoptimuszay,@cecilliaaw @tegalfess Yg di dkt pemadam kebakaran setujuu bgtt mana murah dan banyaaak porsinya,yg di dkt pemadam kebakaran setujuu bgtt mana murah dan banyaaak porsinya,yang di dkt pemadam kebakaran setujuu bgtt mana murah dan banyaaak porsinya,dkt pemadam kebakaran setujuu bgtt mana murah banyaaak porsinya,dkt madam bakaran setujuu bgtt mana murah banyaaak pors,1,positif,positif,positif,netral,netral
2037425937483190775,2026-03-27T07:06:11.000Z,1,"Sebuah helikopter pemadam kebakaran jenis UH-1 Huey jatuh saat berupaya memadamkan kebakaran hutan di lereng Hout Bay, dekat Taman Nasional Table Mountain, Afrika Selatan, pada Rabu malam (25/3/2026).

Helikopter yang dioperasikan oleh Kishugu Aviation (di bawah kontrak Working https://t.co/4zWAmfXvOR",2037425937483190775,https://pbs.twimg.com/amplify_video_thumb/2037425852007563264/img/xBs6tS-ERnJq8W7Z.jpg,,in,,0,0,0,https://x.com/Metro_TV/status/2037425937483190775,57261519,Metro_TV,"Sebuah helikopter pemadam kebakaran jenis UH-1 Huey jatuh saat berupaya memadamkan kebakaran hutan di lereng Hout Bay, dekat Taman Nasional Table Mountain, Afrika Selatan, pada Rabu malam (25/3/2026).

Helikopter yang dioperasikan oleh Kishugu Aviation (di bawah kontrak Working https://t.co/4zWAmfXvOR",sebuah helikopter pemadam kebakaran jenis uh huey jatuh saat berupaya memadamkan kebakaran hutan di lereng hout bay dekat taman nasional table mountain afrika selatan pada rabu malam helikopter yang dioperasikan oleh kishugu aviation di bawah kontrak working,sebuah helikopter pemadam kebakaran jenis uh huey jatuh saat berupaya memadamkan kebakaran hutan di lereng hout bay dekat taman nasional table mountain afrika selatan pada rabu malam helikopter yang dioperasikan oleh kishugu aviation di bawah kontrak working,helikopter pemadam kebakaran jenis uh huey jatuh saat berupaya memadamkan kebakaran hutan lereng hout bay dekat taman nasional table mountain afrika selatan rabu malam helikopter dioperasikan oleh kishugu aviation bawah kontrak working,helikopter madam bakaran jenis uh huey jatuh saat berupaya madam bakaran hutan lereng hout bay dekat taman nasional table mountain afrika selatan rabu malam helikopter operasi oleh kishugu aviation bawah kontrak working,0,netral,netral,netral,netral,netral
2045261017022640201,2026-04-17T22:00:00.000Z,0,"Dewan Pimpinan Cabang (DPC) Partai Demokrat Kabupaten Lebong bergerak cepat menyalurkan bantuan berupa mie instan, air mineral untuk korban banjir dan longsor di Lebong, Bengkulu, Selasa (7/4/2026).

#ahy #demokrat #peduliberbagi #demokratlebong https://t.co/TBVB50ITd4",2045261017022640201,https://pbs.twimg.com/media/HF7W1VAasAE_hcz.jpg,,in,,0,0,0,https://x.com/Demokrat_TV/status/2045261017022640201,284830933,Demokrat_TV,"Dewan Pimpinan Cabang (DPC) Partai Demokrat Kabupaten Lebong bergerak cepat menyalurkan bantuan berupa mie instan, air mineral untuk korban banjir dan longsor di Lebong, Bengkulu, Selasa (7/4/2026).

#ahy #demokrat #peduliberbagi #demokratlebong https://t.co/TBVB50ITd4",dewan pimpinan cabang dpc partai demokrat kabupaten lebong bergerak cepat menyalurkan bantuan berupa mie instan air mineral untuk korban banjir dan longsor di lebong bengkulu selasa ahy demokrat peduliberbagi demokratlebong,dewan pimpinan cabang dpc partai demokrat kabupaten lebong bergerak cepat menyalurkan bantuan berupa mie instan air mineral untuk korban banjir dan longsor di lebong bengkulu selasa ahy demokrat peduliberbagi demokratlebong,dewan pimpinan cabang dpc partai demokrat kabupaten lebong bergerak cepat menyalurkan bantuan berupa mie instan air mineral korban banjir longsor lebong bengkulu selasa ahy demokrat peduliberbagi demokratlebong,dewan pimpinan cabang dpc parta demokrat kabupaten lebong bergerak cepat nyalur bantuan berupa mie instan air mineral korban banjir longsor lebong bengkulu selasa ahy demokrat duliberbag demokratlebong,1,positif,positif,positif,netral,netral
2044602843647386021,2026-04-16T02:24:39.000Z,0,"Guys, stok LPG di indonesia tinggal sekitar 11 hari lagi.

Nah, karena sekitar 88% pengguna gas LPG itu adalah rumah tangga, maka kalo gak segera direstock siap-siap rumah kalian harus nyalain api pake api dan kayu seperti manusia gua.

Tips dan Cara Menyalakan Api dengan Kayu: https://t.co/0BCkmPm2MP",2044602843647386021,https://pbs.twimg.com/media/HF_h4LhboAAFDtw.png,,in,,0,1,0,https://x.com/Piter_Kastangel/status/2044602843647386021,1908926415166406656,Piter_Kastangel,"Guys, stok LPG di indonesia tinggal sekitar 11 hari lagi.

Nah, karena sekitar 88% pengguna gas LPG itu adalah rumah tangga, maka kalo gak segera direstock siap-siap rumah kalian harus nyalain api pake api dan kayu seperti manusia gua.

Tips dan Cara Menyalakan Api dengan Kayu: https://t.co/0BCkmPm2MP",guys stok lpg di indonesia tinggal sekitar hari lagi nah karena sekitar pengguna gas lpg itu adalah rumah tangga maka kalo gak segera direstock siap siap rumah kalian harus nyalain api pake api dan kayu seperti manusia gua tips dan cara menyalakan api dengan kayu,guys stok lpg di indonesia tinggal sekitar hari lagi nah karena sekitar pengguna gas lpg itu adalah rumah tangga maka kalau tidak segera direstock siap siap rumah kalian harus nyalain api pake api dan kayu seperti manusia gua tips dan cara menyalakan api dengan kayu,guys stok lpg indonesia tinggal sekitar hari lagi nah karena sekitar pengguna gas lpg rumah tangga maka kalau tidak segera direstock siap siap rumah kalian harus nyalain api pake api kayu seperti manusia gua tips cara menyalakan api kayu,guys stok lpg indonesia tinggal sekitar har lag nah karena sekitar ngguna gas lpg rumah tangga maka kalau tidak segera restock siap siap rumah kalian harus nyalain ap pake ap kayu sepert manusia gua tips cara nyala ap kayu,0,netral,netral,netral,netral,netral
2043269171463749986,2026-04-12T10:05:07.000Z,0,"Petugas Damkar Kota Bandung menerima laporan mengenai seekor monyet yang tersangkut di kabel listrik di kawasan Jalan Ciwaruga, Kelurahan Gegerkalong, Kecamatan Sukasari pada Minggu (12/4/2026). Informasi tersebut masuk ke pihak pemadam kebakaran sekitar pukul 08.55 WIB. https://t.co/gzzJCp3kfa",2043269171463749986,https://pbs.twimg.com/ext_tw_video_thumb/2043269132465127424/pu/img/YbN0lrvkQZsimXCV.jpg,,in,,0,0,0,https://x.com/spiritsid_/status/2043269171463749986,2008437998288072705,spiritsid_,"Petugas Damkar Kota Bandung menerima laporan mengenai seekor monyet yang tersangkut di kabel listrik di kawasan Jalan Ciwaruga, Kelurahan Gegerkalong, Kecamatan Sukasari pada Minggu (12/4/2026). Informasi tersebut masuk ke pihak pemadam kebakaran sekitar pukul 08.55 WIB. https://t.co/gzzJCp3kfa",petugas damkar kota bandung menerima laporan mengenai seekor monyet yang tersangkut di kabel listrik di kawasan jalan ciwaruga kelurahan gegerkalong kecamatan sukasari pada minggu informasi tersebut masuk ke pihak pemadam kebakaran sekitar pukul wib,petugas damkar kota bandung menerima laporan mengenai seekor monyet yang tersangkut di kabel listrik di kawasan jalan ciwaruga kelurahan gegerkalong kecamatan sukasari pada minggu informasi tersebut masuk ke pihak pemadam kebakaran sekitar pukul wib,petugas damkar kota bandung menerima laporan mengenai seekor monyet tersangkut kabel listrik kawasan jalan ciwaruga kelurahan gegerkalong kecamatan sukasari minggu informasi tersebut masuk pihak pemadam kebakaran sekitar pukul wib,tugas damkar kota bandung nerima laporan ngena seekor monyet sangkut kabel listrik kawasan jalan ciwaruga lurahan gegerkalong camatan sukasar minggu informas sebut masuk pihak madam bakaran sekitar pukul wib,0,netral,netral,netral,netral,netral
2043958925469594012,2026-04-14T07:45:57.000Z,0,"Kapolda Kalimantan Selatan Irjen Pol Dr. Rosyanto Yudha Hermawan, S.I.K., S.H., M.H. memimpin langsung Apel Gelar Kesiapsiagaan Sarana Prasarana (Sarpras) Kebakaran Hutan dan Lahan (Karhutla) serta Peralatan Pengamanan Pengendalian Massa (Dalmas). Selasa (14/4/2026) pagi. https://t.co/aL97qVTxyQ",2043958925469594012,https://pbs.twimg.com/media/HF2ZzVpbEAAg1fg.jpg,,in,,0,0,0,https://x.com/polresbjb/status/2043958925469594012,1439087851711303681,polresbjb,"Kapolda Kalimantan Selatan Irjen Pol Dr. Rosyanto Yudha Hermawan, S.I.K., S.H., M.H. memimpin langsung Apel Gelar Kesiapsiagaan Sarana Prasarana (Sarpras) Kebakaran Hutan dan Lahan (Karhutla) serta Peralatan Pengamanan Pengendalian Massa (Dalmas). Selasa (14/4/2026) pagi. https://t.co/aL97qVTxyQ",kapolda kalimantan selatan irjen pol dr rosyanto yudha hermawan s i k s h m h memimpin langsung apel gelar kesiapsiagaan sarana prasarana sarpras kebakaran hutan dan lahan karhutla serta peralatan pengamanan pengendalian massa dalmas selasa pagi,kapolda kalimantan selatan irjen pol dr rosyanto yudha hermawan s i k s h m h memimpin langsung apel gelar kesiapsiagaan sarana prasarana sarpras kebakaran hutan dan lahan karhutla serta peralatan pengamanan pengendalian massa dalmas selasa pagi,kapolda kalimantan selatan irjen pol dr rosyanto yudha hermawan s i k s h m h memimpin langsung apel gelar kesiapsiagaan sarana prasarana sarpras kebakaran hutan lahan karhutla serta peralatan pengamanan pengendalian massa dalmas selasa pagi,kapolda kalimantan selatan irjen pol dr rosyanto yudha hermawan s  k s h m h mimpin langsung apel gelar siapsiagaan sarana prasarana sarpras bakaran hutan lahan karhutla serta ralatan ngamanan ngendalian massa dalmas selasa pag,0,netral,netral,netral,netral,netral
2045251748093464978,2026-04-17T21:40:38.000Z,2,"@InFebriyan128 Walau haditsnya lemah, dapat diamalkan doa berikut yg diriwayatkan oleh Ibnu Juraij dan Imam Syafi’i menyebutnya dalam Musnad-nya:

“Allahumma zid hadzal baita tasrifan wa ta'zhiman wa takriman wa mahabatan, wa zid man syarrafahu wa 'azzhamahu mimman hajjahu awi 'tamarahu",2045256142595752061,,InFebriyan128,in,,0,1,2,https://x.com/AzzamIzzulhaq/status/2045256142595752061,103210292,AzzamIzzulhaq,"@InFebriyan128 Walau haditsnya lemah, dapat diamalkan doa berikut yg diriwayatkan oleh Ibnu Juraij dan Imam Syafi’i menyebutnya dalam Musnad-nya:

“Allahumma zid hadzal baita tasrifan wa ta'zhiman wa takriman wa mahabatan, wa zid man syarrafahu wa 'azzhamahu mimman hajjahu awi 'tamarahu",walau haditsnya lemah dapat diamalkan doa berikut yg diriwayatkan oleh ibnu juraij dan imam syafi i menyebutnya dalam musnad nya allahumma zid hadzal baita tasrifan wa ta zhiman wa takriman wa mahabatan wa zid man syarrafahu wa azzhamahu mimman hajjahu awi tamarahu,walau haditsnya lemah dapat diamalkan doa berikut yang diriwayatkan oleh ibnu juraij dan imam syafi i menyebutnya dalam musnad nya allahumma zid hadzal baita tasrifan wa ta zhiman wa takriman wa mahabatan wa zid man syarrafahu wa azzhamahu mimman hajjahu awi tamarahu,walau haditsnya lemah dapat diamalkan doa berikut diriwayatkan oleh ibnu juraij imam syafi i menyebutnya musnad nya allahumma zid hadzal baita tasrifan wa ta zhiman wa takriman wa mahabatan wa zid man syarrafahu wa azzhamahu mimman hajjahu awi tamarahu,walau hadits lemah dapat amal doa berikut riwayat oleh ibnu juraij imam syaf  nyebut musnad  allahumma zid hadzal baita tasrifan wa ta zhiman wa takriman wa mahabatan wa zid man syarrafahu wa azzhamahu mimman hajjahu aw tamarahu,0,netral,netral,netral,netral,netral
2045091988064911486,2026-04-17T10:48:20.000Z,0,sumpah kaget kirain tadi pake seragam pemadam kebakaran sini😭 https://t.co/sm5Udr9YRw,2045091988064911486,https://pbs.twimg.com/ext_tw_video_thumb/2045046007491387392/pu/img/DdiHkVavsZZruxqe.jpg,,in,,0,0,0,https://x.com/ujibaragi/status/2045091988064911486,126363940,ujibaragi,sumpah kaget kirain tadi pake seragam pemadam kebakaran sini😭 https://t.co/sm5Udr9YRw,sumpah kaget kirain tadi pake seragam pemadam kebakaran sini,sumpah kaget kirain tadi pake seragam pemadam kebakaran sini,sumpah kaget kirain tadi pake seragam pemadam kebakaran sini,sumpah kaget kirain tad pake seragam madam bakaran sin,0,netral,netral,netral,netral,netral
2042994900082549045,2026-04-12T10:22:15.000Z,12,"@anomali_yang @Yeppa18 Kak imo bukan ratu yg bunuh raja, soalnya pas dia liat raja digotong keluar sama pemadam tuh ada sorot kaget di mata ratu(?) ratu emg kesel trs ngmg ""mending mati aja dah lu"" tp keknya ga sesederhana itu deh. Either raja bundir ketrigger ato ada yg sengaja bikin kebakaran gede🤔",2043273482293874819,,anomali_yang,in,,0,1,0,https://x.com/valeriekly14/status/2043273482293874819,1806949240951988224,valeriekly14,"@anomali_yang @Yeppa18 Kak imo bukan ratu yg bunuh raja, soalnya pas dia liat raja digotong keluar sama pemadam tuh ada sorot kaget di mata ratu(?) ratu emg kesel trs ngmg ""mending mati aja dah lu"" tp keknya ga sesederhana itu deh. Either raja bundir ketrigger ato ada yg sengaja bikin kebakaran gede🤔",kak imo bukan ratu yg bunuh raja soalnya pas dia liat raja digotong keluar sama pemadam tuh ada sorot kaget di mata ratu ratu emg kesel trs ngmg mending mati aja dah lu tp keknya ga sesederhana itu deh either raja bundir ketrigger ato ada yg sengaja bikin kebakaran gede,kak imo bukan ratu yang bunuh raja soalnya pas dia liat raja digotong keluar sama pemadam tuh ada sorot kaget di mata ratu ratu emg kesel trs ngmg mending mati aja dah lu tapi keknya tidak sesederhana itu deh either raja bundir ketrigger ato ada yang sengaja bikin kebakaran gede,kak imo bukan ratu bunuh raja soalnya pas liat raja digotong keluar sama pemadam tuh ada sorot kaget mata ratu ratu emg kesel trs ngmg mending mati aja dah lu tapi keknya tidak sesederhana deh either raja bundir ketrigger ato ada sengaja bikin kebakaran gede,kak imo bu ratu bunuh raja soal pas liat raja gotong luar sama madam tuh ada sorot kaget mata ratu ratu emg sel trs ngmg nding mat aja dah lu tap k tidak sesederhana deh either raja bundir trigger ato ada sengaja bikin bakaran gede,0,netral,netral,netral,netral,netral
2040082564766138599,2026-04-03T15:02:40.000Z,0,"Satgas Pemadam Kebakaran menerima laporan terjadinya kebakaran badas di Gunung Kembang, Manna dari anggota Sdr. Elin pada hari Jumat, 3 April 2026 pukul 20.24 WIB dan langsung menuju lokasi untuk memadamkan kebakaran tersebut. 
                 https://t.co/KHS60FWEZm",2040082564766138599,,,in,,0,0,0,https://x.com/damkarbs/status/2040082564766138599,1390080853569458177,damkarbs,"Satgas Pemadam Kebakaran menerima laporan terjadinya kebakaran badas di Gunung Kembang, Manna dari anggota Sdr. Elin pada hari Jumat, 3 April 2026 pukul 20.24 WIB dan langsung menuju lokasi untuk memadamkan kebakaran tersebut. 
                 https://t.co/KHS60FWEZm",satgas pemadam kebakaran menerima laporan terjadinya kebakaran badas di gunung kembang manna dari anggota sdr elin pada hari jumat april pukul wib dan langsung menuju lokasi untuk memadamkan kebakaran tersebut,satgas pemadam kebakaran menerima laporan terjadinya kebakaran badas di gunung kembang manna dari anggota sdr elin pada hari jumat april pukul wib dan langsung menuju lokasi untuk memadamkan kebakaran tersebut,satgas pemadam kebakaran menerima laporan terjadinya kebakaran badas gunung kembang manna anggota sdr elin hari jumat april pukul wib langsung menuju lokasi memadamkan kebakaran tersebut,satgas madam bakaran nerima laporan jad bakaran badas gunung mbang manna anggota sdr elin har jumat april pukul wib langsung nuju lokas madam bakaran sebut,0,netral,netral,netral,netral,netral
2044510578337587627,2026-04-16T14:49:52.000Z,0,@RaminNasibov petuga pemadam kebakaran akan menangis melihat ini,2044790384921117027,,RaminNasibov,in,,0,0,0,https://x.com/Kairos_Hunter/status/2044790384921117027,1771708055161548800,Kairos_Hunter,@RaminNasibov petuga pemadam kebakaran akan menangis melihat ini,petuga pemadam kebakaran akan menangis melihat ini,petuga pemadam kebakaran akan menangis melihat ini,petuga pemadam kebakaran akan menangis melihat,tuga madam bakaran a nangis lihat,0,netral,netral,netral,netral,netral
2037937283660402778,2026-03-28T16:58:06.000Z,3,Kru pemadam kebakaran menghabiskan sepanjang hari untuk memadamkan api di Bandara Internasional Kuwait setelah serangan Iran. https://t.co/nESvo5EgXS,2037937283660402778,https://pbs.twimg.com/ext_tw_video_thumb/2037936975525924864/pu/img/xeQe4VC4QNyEHmQL.jpg,,in,,0,0,4,https://x.com/socarnos/status/2037937283660402778,1708192349589999616,socarnos,Kru pemadam kebakaran menghabiskan sepanjang hari untuk memadamkan api di Bandara Internasional Kuwait setelah serangan Iran. https://t.co/nESvo5EgXS,kru pemadam kebakaran menghabiskan sepanjang hari untuk memadamkan api di bandara internasional kuwait setelah serangan iran,kru pemadam kebakaran menghabiskan sepanjang hari untuk memadamkan api di bandara internasional kuwait setelah serangan iran,kru pemadam kebakaran menghabiskan sepanjang hari memadamkan api bandara internasional kuwait setelah serangan iran,kru madam bakaran nghabis sepanjang har madam ap bandara internasional kuwait sete serangan iran,0,netral,netral,netral,netral,netral
2044301017991524575,2026-04-15T06:25:18.000Z,0,"Tim RESCUE Pemadam Kebakaran Bengkulu Selatan menindak lanjuti laporan Bapak Nopiri untuk mengevakuasi cincin yang masukke saluran pembuangan air pada hari Rabu, 15 April 2026 pukul 11.00 WIB. 

Berlokasi di Padang Jawi, tepatnya di saluran pembuangan air

https://t.co/Aq0d3MRF7B",2044301017991524575,,,in,,0,0,0,https://x.com/damkarbs/status/2044301017991524575,1390080853569458177,damkarbs,"Tim RESCUE Pemadam Kebakaran Bengkulu Selatan menindak lanjuti laporan Bapak Nopiri untuk mengevakuasi cincin yang masukke saluran pembuangan air pada hari Rabu, 15 April 2026 pukul 11.00 WIB. 

Berlokasi di Padang Jawi, tepatnya di saluran pembuangan air

https://t.co/Aq0d3MRF7B",tim rescue pemadam kebakaran bengkulu selatan menindak lanjuti laporan bapak nopiri untuk mengevakuasi cincin yang masukke saluran pembuangan air pada hari rabu april pukul wib berlokasi di padang jawi tepatnya di saluran pembuangan air,tim rescue pemadam kebakaran bengkulu selatan menindak lanjuti laporan bapak nopiri untuk mengevakuasi cincin yang masukke saluran pembuangan air pada hari rabu april pukul wib berlokasi di padang jawi tepatnya di saluran pembuangan air,tim rescue pemadam kebakaran bengkulu selatan menindak lanjuti laporan bapak nopiri mengevakuasi cincin masukke saluran pembuangan air hari rabu april pukul wib berlokasi padang jawi tepatnya saluran pembuangan air,tim rescue madam bakaran bengkulu selatan nindak lanjut laporan bapak nopir ngevakuas cincin masukke saluran mbuangan air har rabu april pukul wib berlokas padang jaw tepat saluran mbuangan air,0,netral,netral,netral,netral,netral
